word,tag,category,subcategory,type
kedim,NOUN-ANIM,Noun,Animate,Animate
kedin,NOUN-ANIM,Noun,Animate,Animate
kedisi,NOUN-ANIM,Noun,Animate,Animate
kedimiz,NOUN-ANIM,Noun,Animate,Animate
kediniz,NOUN-ANIM,Noun,Animate,Animate
kedisi,NOUN-ANIM,Noun,Animate,Animate
bıçağım,NOUN-INANIM-OBJECT,Noun,Inanimate,Object
bıçağın,NOUN-INANIM-OBJECT,Noun,Inanimate,Object
bıçağı,NOUN-INANIM-OBJECT,Noun,Inanimate,Object
bıçağımız,NOUN-INANIM-OBJECT,Noun,Inanimate,Object
bıçağınız,NOUN-INANIM-OBJECT,Noun,Inanimate,Object
bıçağları,NOUN-INANIM-OBJECT,Noun,Inanimate,Object
kartalım,NOUN-ANIM,Noun,Animate,Animate
kartalın,NOUN-ANIM,Noun,Animate,Animate
kartalı,NOUN-ANIM,Noun,Animate,Animate
kartalımız,NOUN-ANIM,Noun,Animate,Animate
kartalınız,NOUN-ANIM,Noun,Animate,Animate
kartalları,NOUN-ANIM,Noun,Animate,Animate
aynam,NOUN-INANIM-OBJECT,Noun,Inanimate,Object
aynan,NOUN-INANIM-OBJECT,Noun,Inanimate,Object
aynası,NOUN-INANIM-OBJECT,Noun,Inanimate,Object
aynamız,NOUN-INANIM-OBJECT,Noun,Inanimate,Object
aynanız,NOUN-INANIM-OBJECT,Noun,Inanimate,Object
aynası,NOUN-INANIM-OBJECT,Noun,Inanimate,Object
anahtarım,NOUN-INANIM-OBJECT,Noun,Inanimate,Object
anahtarın,NOUN-INANIM-OBJECT,Noun,Inanimate,Object
anahtarı,NOUN-INANIM-OBJECT,Noun,Inanimate,Object
anahtarımız,NOUN-INANIM-OBJECT,Noun,Inanimate,Object
anahtarınız,NOUN-INANIM-OBJECT,Noun,Inanimate,Object
anahtarları,NOUN-INANIM-OBJECT,Noun,Inanimate,Object
telefonum,NOUN-INANIM-OBJECT,Noun,Inanimate,Object
telefonun,NOUN-INANIM-OBJECT,Noun,Inanimate,Object
telefonu,NOUN-INANIM-OBJECT,Noun,Inanimate,Object
telefonumuz,NOUN-INANIM-OBJECT,Noun,Inanimate,Object
telefonunuz,NOUN-INANIM-OBJECT,Noun,Inanimate,Object
telefonları,NOUN-INANIM-OBJECT,Noun,Inanimate,Object
toplantım,NOUN-INANIM-EVT,Noun,Inanimate,Event
toplantın,NOUN-INANIM-EVT,Noun,Inanimate,Event
toplantısı,NOUN-INANIM-EVT,Noun,Inanimate,Event
toplantımız,NOUN-INANIM-EVT,Noun,Inanimate,Event
toplantınız,NOUN-INANIM-EVT,Noun,Inanimate,Event
toplantısı,NOUN-INANIM-EVT,Noun,Inanimate,Event
baykuşum,NOUN-ANIM,Noun,Animate,Animate
baykuşun,NOUN-ANIM,Noun,Animate,Animate
baykuşu,NOUN-ANIM,Noun,Animate,Animate
baykuşumuz,NOUN-ANIM,Noun,Animate,Animate
baykuşunuz,NOUN-ANIM,Noun,Animate,Animate
baykuşları,NOUN-ANIM,Noun,Animate,Animate
gösterim,NOUN-INANIM-EVT,Noun,Inanimate,Event
gösterin,NOUN-INANIM-EVT,Noun,Inanimate,Event
gösterisi,NOUN-INANIM-EVT,Noun,Inanimate,Event
gösterimiz,NOUN-INANIM-EVT,Noun,Inanimate,Event
gösteriniz,NOUN-INANIM-EVT,Noun,Inanimate,Event
gösterisi,NOUN-INANIM-EVT,Noun,Inanimate,Event
ayım,NOUN-ANIM,Noun,Animate,Animate
ayın,NOUN-ANIM,Noun,Animate,Animate
ayısı,NOUN-ANIM,Noun,Animate,Animate
ayımız,NOUN-ANIM,Noun,Animate,Animate
ayınız,NOUN-ANIM,Noun,Animate,Animate
ayısı,NOUN-ANIM,Noun,Animate,Animate
karıncam,NOUN-ANIM,Noun,Animate,Animate
karıncan,NOUN-ANIM,Noun,Animate,Animate
karıncası,NOUN-ANIM,Noun,Animate,Animate
karıncamız,NOUN-ANIM,Noun,Animate,Animate
karıncanız,NOUN-ANIM,Noun,Animate,Animate
karıncası,NOUN-ANIM,Noun,Animate,Animate
tatilim,NOUN-INANIM-EVT,Noun,Inanimate,Event
tatilin,NOUN-INANIM-EVT,Noun,Inanimate,Event
tatili,NOUN-INANIM-EVT,Noun,Inanimate,Event
tatilimiz,NOUN-INANIM-EVT,Noun,Inanimate,Event
tatiliniz,NOUN-INANIM-EVT,Noun,Inanimate,Event
tatilleri,NOUN-INANIM-EVT,Noun,Inanimate,Event
balığım,NOUN-ANIM,Noun,Animate,Animate
balığın,NOUN-ANIM,Noun,Animate,Animate
balığı,NOUN-ANIM,Noun,Animate,Animate
balığımız,NOUN-ANIM,Noun,Animate,Animate
balığınız,NOUN-ANIM,Noun,Animate,Animate
balığları,NOUN-ANIM,Noun,Animate,Animate
tatilim,NOUN-INANIM-EVT,Noun,Inanimate,Event
tatilin,NOUN-INANIM-EVT,Noun,Inanimate,Event
tatili,NOUN-INANIM-EVT,Noun,Inanimate,Event
tatilimiz,NOUN-INANIM-EVT,Noun,Inanimate,Event
tatiliniz,NOUN-INANIM-EVT,Noun,Inanimate,Event
tatilleri,NOUN-INANIM-EVT,Noun,Inanimate,Event
köpeğim,NOUN-ANIM,Noun,Animate,Animate
köpeğin,NOUN-ANIM,Noun,Animate,Animate
köpeği,NOUN-ANIM,Noun,Animate,Animate
köpeğimiz,NOUN-ANIM,Noun,Animate,Animate
köpeğiniz,NOUN-ANIM,Noun,Animate,Animate
köpeğleri,NOUN-ANIM,Noun,Animate,Animate
ceketim,NOUN-INANIM-OBJECT,Noun,Inanimate,Object
ceketin,NOUN-INANIM-OBJECT,Noun,Inanimate,Object
ceketi,NOUN-INANIM-OBJECT,Noun,Inanimate,Object
ceketimiz,NOUN-INANIM-OBJECT,Noun,Inanimate,Object
ceketiniz,NOUN-INANIM-OBJECT,Noun,Inanimate,Object
ceketleri,NOUN-INANIM-OBJECT,Noun,Inanimate,Object
tilkim,NOUN-ANIM,Noun,Animate,Animate
tilkin,NOUN-ANIM,Noun,Animate,Animate
tilkisi,NOUN-ANIM,Noun,Animate,Animate
tilkimiz,NOUN-ANIM,Noun,Animate,Animate
tilkiniz,NOUN-ANIM,Noun,Animate,Animate
tilkisi,NOUN-ANIM,Noun,Animate,Animate
toplantım,NOUN-INANIM-EVT,Noun,Inanimate,Event
toplantın,NOUN-INANIM-EVT,Noun,Inanimate,Event
toplantısı,NOUN-INANIM-EVT,Noun,Inanimate,Event
toplantımız,NOUN-INANIM-EVT,Noun,Inanimate,Event
toplantınız,NOUN-INANIM-EVT,Noun,Inanimate,Event
toplantısı,NOUN-INANIM-EVT,Noun,Inanimate,Event
kurdum,NOUN-ANIM,Noun,Animate,Animate
kurdun,NOUN-ANIM,Noun,Animate,Animate
kurdu,NOUN-ANIM,Noun,Animate,Animate
kurdumuz,NOUN-ANIM,Noun,Animate,Animate
kurdunuz,NOUN-ANIM,Noun,Animate,Animate
kurdları,NOUN-ANIM,Noun,Animate,Animate
kaşığım,NOUN-INANIM-OBJECT,Noun,Inanimate,Object
kaşığın,NOUN-INANIM-OBJECT,Noun,Inanimate,Object
kaşığı,NOUN-INANIM-OBJECT,Noun,Inanimate,Object
kaşığımız,NOUN-INANIM-OBJECT,Noun,Inanimate,Object
kaşığınız,NOUN-INANIM-OBJECT,Noun,Inanimate,Object
kaşığları,NOUN-INANIM-OBJECT,Noun,Inanimate,Object
eşeğim,NOUN-ANIM,Noun,Animate,Animate
eşeğin,NOUN-ANIM,Noun,Animate,Animate
eşeği,NOUN-ANIM,Noun,Animate,Animate
eşeğimiz,NOUN-ANIM,Noun,Animate,Animate
eşeğiniz,NOUN-ANIM,Noun,Animate,Animate
eşeğleri,NOUN-ANIM,Noun,Animate,Animate
eşeğim,NOUN-ANIM,Noun,Animate,Animate
eşeğin,NOUN-ANIM,Noun,Animate,Animate
eşeği,NOUN-ANIM,Noun,Animate,Animate
eşeğimiz,NOUN-ANIM,Noun,Animate,Animate
eşeğiniz,NOUN-ANIM,Noun,Animate,Animate
eşeğleri,NOUN-ANIM,Noun,Animate,Animate
maymunum,NOUN-ANIM,Noun,Animate,Animate
maymunun,NOUN-ANIM,Noun,Animate,Animate
maymunu,NOUN-ANIM,Noun,Animate,Animate
maymunumuz,NOUN-ANIM,Noun,Animate,Animate
maymununuz,NOUN-ANIM,Noun,Animate,Animate
maymunları,NOUN-ANIM,Noun,Animate,Animate
penguenim,NOUN-ANIM,Noun,Animate,Animate
penguenin,NOUN-ANIM,Noun,Animate,Animate
pengueni,NOUN-ANIM,Noun,Animate,Animate
penguenimiz,NOUN-ANIM,Noun,Animate,Animate
pengueniniz,NOUN-ANIM,Noun,Animate,Animate
penguenleri,NOUN-ANIM,Noun,Animate,Animate
cenazem,NOUN-INANIM-EVT,Noun,Inanimate,Event
cenazen,NOUN-INANIM-EVT,Noun,Inanimate,Event
cenazesi,NOUN-INANIM-EVT,Noun,Inanimate,Event
cenazemiz,NOUN-INANIM-EVT,Noun,Inanimate,Event
cenazeniz,NOUN-INANIM-EVT,Noun,Inanimate,Event
cenazesi,NOUN-INANIM-EVT,Noun,Inanimate,Event
gezim,NOUN-INANIM-EVT,Noun,Inanimate,Event
gezin,NOUN-INANIM-EVT,Noun,Inanimate,Event
gezisi,NOUN-INANIM-EVT,Noun,Inanimate,Event
gezimiz,NOUN-INANIM-EVT,Noun,Inanimate,Event
geziniz,NOUN-INANIM-EVT,Noun,Inanimate,Event
gezisi,NOUN-INANIM-EVT,Noun,Inanimate,Event
ziyaredim,NOUN-INANIM-EVT,Noun,Inanimate,Event
ziyaredin,NOUN-INANIM-EVT,Noun,Inanimate,Event
ziyaredi,NOUN-INANIM-EVT,Noun,Inanimate,Event
ziyaredimiz,NOUN-INANIM-EVT,Noun,Inanimate,Event
ziyarediniz,NOUN-INANIM-EVT,Noun,Inanimate,Event
ziyaredleri,NOUN-INANIM-EVT,Noun,Inanimate,Event
nişanım,NOUN-INANIM-EVT,Noun,Inanimate,Event
nişanın,NOUN-INANIM-EVT,Noun,Inanimate,Event
nişanı,NOUN-INANIM-EVT,Noun,Inanimate,Event
nişanımız,NOUN-INANIM-EVT,Noun,Inanimate,Event
nişanınız,NOUN-INANIM-EVT,Noun,Inanimate,Event
nişanları,NOUN-INANIM-EVT,Noun,Inanimate,Event
adım,NOUN-ANIM,Noun,Animate,Animate
adın,NOUN-ANIM,Noun,Animate,Animate
adı,NOUN-ANIM,Noun,Animate,Animate
adımız,NOUN-ANIM,Noun,Animate,Animate
adınız,NOUN-ANIM,Noun,Animate,Animate
adları,NOUN-ANIM,Noun,Animate,Animate
ayakkabım,NOUN-INANIM-OBJECT,Noun,Inanimate,Object
ayakkabın,NOUN-INANIM-OBJECT,Noun,Inanimate,Object
ayakkabısı,NOUN-INANIM-OBJECT,Noun,Inanimate,Object
ayakkabımız,NOUN-INANIM-OBJECT,Noun,Inanimate,Object
ayakkabınız,NOUN-INANIM-OBJECT,Noun,Inanimate,Object
ayakkabısı,NOUN-INANIM-OBJECT,Noun,Inanimate,Object
güvercinim,NOUN-ANIM,Noun,Animate,Animate
güvercinin,NOUN-ANIM,Noun,Animate,Animate
güvercini,NOUN-ANIM,Noun,Animate,Animate
güvercinimiz,NOUN-ANIM,Noun,Animate,Animate
güvercininiz,NOUN-ANIM,Noun,Animate,Animate
güvercinleri,NOUN-ANIM,Noun,Animate,Animate
aslanım,NOUN-ANIM,Noun,Animate,Animate
aslanın,NOUN-ANIM,Noun,Animate,Animate
aslanı,NOUN-ANIM,Noun,Animate,Animate
aslanımız,NOUN-ANIM,Noun,Animate,Animate
aslanınız,NOUN-ANIM,Noun,Animate,Animate
aslanları,NOUN-ANIM,Noun,Animate,Animate
koyunum,NOUN-ANIM,Noun,Animate,Animate
koyunun,NOUN-ANIM,Noun,Animate,Animate
koyunu,NOUN-ANIM,Noun,Animate,Animate
koyunumuz,NOUN-ANIM,Noun,Animate,Animate
koyununuz,NOUN-ANIM,Noun,Animate,Animate
koyunları,NOUN-ANIM,Noun,Animate,Animate
cenazem,NOUN-INANIM-EVT,Noun,Inanimate,Event
cenazen,NOUN-INANIM-EVT,Noun,Inanimate,Event
cenazesi,NOUN-INANIM-EVT,Noun,Inanimate,Event
cenazemiz,NOUN-INANIM-EVT,Noun,Inanimate,Event
cenazeniz,NOUN-INANIM-EVT,Noun,Inanimate,Event
cenazesi,NOUN-INANIM-EVT,Noun,Inanimate,Event
açılışım,NOUN-INANIM-EVT,Noun,Inanimate,Event
açılışın,NOUN-INANIM-EVT,Noun,Inanimate,Event
açılışı,NOUN-INANIM-EVT,Noun,Inanimate,Event
açılışımız,NOUN-INANIM-EVT,Noun,Inanimate,Event
açılışınız,NOUN-INANIM-EVT,Noun,Inanimate,Event
açılışları,NOUN-INANIM-EVT,Noun,Inanimate,Event
kulaklığım,NOUN-INANIM-OBJECT,Noun,Inanimate,Object
kulaklığın,NOUN-INANIM-OBJECT,Noun,Inanimate,Object
kulaklığı,NOUN-INANIM-OBJECT,Noun,Inanimate,Object
kulaklığımız,NOUN-INANIM-OBJECT,Noun,Inanimate,Object
kulaklığınız,NOUN-INANIM-OBJECT,Noun,Inanimate,Object
kulaklığları,NOUN-INANIM-OBJECT,Noun,Inanimate,Object
tilkim,NOUN-ANIM,Noun,Animate,Animate
tilkin,NOUN-ANIM,Noun,Animate,Animate
tilkisi,NOUN-ANIM,Noun,Animate,Animate
tilkimiz,NOUN-ANIM,Noun,Animate,Animate
tilkiniz,NOUN-ANIM,Noun,Animate,Animate
tilkisi,NOUN-ANIM,Noun,Animate,Animate
perdem,NOUN-INANIM-OBJECT,Noun,Inanimate,Object
perden,NOUN-INANIM-OBJECT,Noun,Inanimate,Object
perdesi,NOUN-INANIM-OBJECT,Noun,Inanimate,Object
perdemiz,NOUN-INANIM-OBJECT,Noun,Inanimate,Object
perdeniz,NOUN-INANIM-OBJECT,Noun,Inanimate,Object
perdesi,NOUN-INANIM-OBJECT,Noun,Inanimate,Object
güvercinim,NOUN-ANIM,Noun,Animate,Animate
güvercinin,NOUN-ANIM,Noun,Animate,Animate
güvercini,NOUN-ANIM,Noun,Animate,Animate
güvercinimiz,NOUN-ANIM,Noun,Animate,Animate
güvercininiz,NOUN-ANIM,Noun,Animate,Animate
güvercinleri,NOUN-ANIM,Noun,Animate,Animate
nişanım,NOUN-INANIM-EVT,Noun,Inanimate,Event
nişanın,NOUN-INANIM-EVT,Noun,Inanimate,Event
nişanı,NOUN-INANIM-EVT,Noun,Inanimate,Event
nişanımız,NOUN-INANIM-EVT,Noun,Inanimate,Event
nişanınız,NOUN-INANIM-EVT,Noun,Inanimate,Event
nişanları,NOUN-INANIM-EVT,Noun,Inanimate,Event
açılışım,NOUN-INANIM-EVT,Noun,Inanimate,Event
açılışın,NOUN-INANIM-EVT,Noun,Inanimate,Event
açılışı,NOUN-INANIM-EVT,Noun,Inanimate,Event
açılışımız,NOUN-INANIM-EVT,Noun,Inanimate,Event
açılışınız,NOUN-INANIM-EVT,Noun,Inanimate,Event
açılışları,NOUN-INANIM-EVT,Noun,Inanimate,Event
sandalyem,NOUN-INANIM-OBJECT,Noun,Inanimate,Object
sandalyen,NOUN-INANIM-OBJECT,Noun,Inanimate,Object
sandalyesi,NOUN-INANIM-OBJECT,Noun,Inanimate,Object
sandalyemiz,NOUN-INANIM-OBJECT,Noun,Inanimate,Object
sandalyeniz,NOUN-INANIM-OBJECT,Noun,Inanimate,Object
sandalyesi,NOUN-INANIM-OBJECT,Noun,Inanimate,Object
sineğim,NOUN-ANIM,Noun,Animate,Animate
sineğin,NOUN-ANIM,Noun,Animate,Animate
sineği,NOUN-ANIM,Noun,Animate,Animate
sineğimiz,NOUN-ANIM,Noun,Animate,Animate
sineğiniz,NOUN-ANIM,Noun,Animate,Animate
sineğleri,NOUN-ANIM,Noun,Animate,Animate
kitabım,NOUN-INANIM-OBJECT,Noun,Inanimate,Object
kitabın,NOUN-INANIM-OBJECT,Noun,Inanimate,Object
kitabı,NOUN-INANIM-OBJECT,Noun,Inanimate,Object
kitabımız,NOUN-INANIM-OBJECT,Noun,Inanimate,Object
kitabınız,NOUN-INANIM-OBJECT,Noun,Inanimate,Object
kitabları,NOUN-INANIM-OBJECT,Noun,Inanimate,Object
perdem,NOUN-INANIM-OBJECT,Noun,Inanimate,Object
perden,NOUN-INANIM-OBJECT,Noun,Inanimate,Object
perdesi,NOUN-INANIM-OBJECT,Noun,Inanimate,Object
perdemiz,NOUN-INANIM-OBJECT,Noun,Inanimate,Object
perdeniz,NOUN-INANIM-OBJECT,Noun,Inanimate,Object
perdesi,NOUN-INANIM-OBJECT,Noun,Inanimate,Object
aynam,NOUN-INANIM-OBJECT,Noun,Inanimate,Object
aynan,NOUN-INANIM-OBJECT,Noun,Inanimate,Object
aynası,NOUN-INANIM-OBJECT,Noun,Inanimate,Object
aynamız,NOUN-INANIM-OBJECT,Noun,Inanimate,Object
aynanız,NOUN-INANIM-OBJECT,Noun,Inanimate,Object
aynası,NOUN-INANIM-OBJECT,Noun,Inanimate,Object
yarışmam,NOUN-INANIM-EVT,Noun,Inanimate,Event
yarışman,NOUN-INANIM-EVT,Noun,Inanimate,Event
yarışması,NOUN-INANIM-EVT,Noun,Inanimate,Event
yarışmamız,NOUN-INANIM-EVT,Noun,Inanimate,Event
yarışmanız,NOUN-INANIM-EVT,Noun,Inanimate,Event
yarışması,NOUN-INANIM-EVT,Noun,Inanimate,Event
tatilim,NOUN-INANIM-EVT,Noun,Inanimate,Event
tatilin,NOUN-INANIM-EVT,Noun,Inanimate,Event
tatili,NOUN-INANIM-EVT,Noun,Inanimate,Event
tatilimiz,NOUN-INANIM-EVT,Noun,Inanimate,Event
tatiliniz,NOUN-INANIM-EVT,Noun,Inanimate,Event
tatilleri,NOUN-INANIM-EVT,Noun,Inanimate,Event
sabunum,NOUN-INANIM-OBJECT,Noun,Inanimate,Object
sabunun,NOUN-INANIM-OBJECT,Noun,Inanimate,Object
sabunu,NOUN-INANIM-OBJECT,Noun,Inanimate,Object
sabunumuz,NOUN-INANIM-OBJECT,Noun,Inanimate,Object
sabununuz,NOUN-INANIM-OBJECT,Noun,Inanimate,Object
sabunları,NOUN-INANIM-OBJECT,Noun,Inanimate,Object
sergim,NOUN-INANIM-EVT,Noun,Inanimate,Event
sergin,NOUN-INANIM-EVT,Noun,Inanimate,Event
sergisi,NOUN-INANIM-EVT,Noun,Inanimate,Event
sergimiz,NOUN-INANIM-EVT,Noun,Inanimate,Event
serginiz,NOUN-INANIM-EVT,Noun,Inanimate,Event
sergisi,NOUN-INANIM-EVT,Noun,Inanimate,Event
çantam,NOUN-INANIM-OBJECT,Noun,Inanimate,Object
çantan,NOUN-INANIM-OBJECT,Noun,Inanimate,Object
çantası,NOUN-INANIM-OBJECT,Noun,Inanimate,Object
çantamız,NOUN-INANIM-OBJECT,Noun,Inanimate,Object
çantanız,NOUN-INANIM-OBJECT,Noun,Inanimate,Object
çantası,NOUN-INANIM-OBJECT,Noun,Inanimate,Object
lambam,NOUN-INANIM-OBJECT,Noun,Inanimate,Object
lamban,NOUN-INANIM-OBJECT,Noun,Inanimate,Object
lambası,NOUN-INANIM-OBJECT,Noun,Inanimate,Object
lambamız,NOUN-INANIM-OBJECT,Noun,Inanimate,Object
lambanız,NOUN-INANIM-OBJECT,Noun,Inanimate,Object
lambası,NOUN-INANIM-OBJECT,Noun,Inanimate,Object
panelim,NOUN-INANIM-EVT,Noun,Inanimate,Event
panelin,NOUN-INANIM-EVT,Noun,Inanimate,Event
paneli,NOUN-INANIM-EVT,Noun,Inanimate,Event
panelimiz,NOUN-INANIM-EVT,Noun,Inanimate,Event
paneliniz,NOUN-INANIM-EVT,Noun,Inanimate,Event
panelleri,NOUN-INANIM-EVT,Noun,Inanimate,Event
partim,NOUN-INANIM-EVT,Noun,Inanimate,Event
partin,NOUN-INANIM-EVT,Noun,Inanimate,Event
partisi,NOUN-INANIM-EVT,Noun,Inanimate,Event
partimiz,NOUN-INANIM-EVT,Noun,Inanimate,Event
partiniz,NOUN-INANIM-EVT,Noun,Inanimate,Event
partisi,NOUN-INANIM-EVT,Noun,Inanimate,Event
filim,NOUN-ANIM,Noun,Animate,Animate
filin,NOUN-ANIM,Noun,Animate,Animate
fili,NOUN-ANIM,Noun,Animate,Animate
filimiz,NOUN-ANIM,Noun,Animate,Animate
filiniz,NOUN-ANIM,Noun,Animate,Animate
filleri,NOUN-ANIM,Noun,Animate,Animate
cekedim,NOUN-INANIM-OBJECT,Noun,Inanimate,Object
cekedin,NOUN-INANIM-OBJECT,Noun,Inanimate,Object
cekedi,NOUN-INANIM-OBJECT,Noun,Inanimate,Object
cekedimiz,NOUN-INANIM-OBJECT,Noun,Inanimate,Object
cekediniz,NOUN-INANIM-OBJECT,Noun,Inanimate,Object
cekedleri,NOUN-INANIM-OBJECT,Noun,Inanimate,Object
anahtarım,NOUN-INANIM-OBJECT,Noun,Inanimate,Object
anahtarın,NOUN-INANIM-OBJECT,Noun,Inanimate,Object
anahtarı,NOUN-INANIM-OBJECT,Noun,Inanimate,Object
anahtarımız,NOUN-INANIM-OBJECT,Noun,Inanimate,Object
anahtarınız,NOUN-INANIM-OBJECT,Noun,Inanimate,Object
anahtarları,NOUN-INANIM-OBJECT,Noun,Inanimate,Object
gezim,NOUN-INANIM-EVT,Noun,Inanimate,Event
gezin,NOUN-INANIM-EVT,Noun,Inanimate,Event
gezisi,NOUN-INANIM-EVT,Noun,Inanimate,Event
gezimiz,NOUN-INANIM-EVT,Noun,Inanimate,Event
geziniz,NOUN-INANIM-EVT,Noun,Inanimate,Event
gezisi,NOUN-INANIM-EVT,Noun,Inanimate,Event
aynam,NOUN-INANIM-OBJECT,Noun,Inanimate,Object
aynan,NOUN-INANIM-OBJECT,Noun,Inanimate,Object
aynası,NOUN-INANIM-OBJECT,Noun,Inanimate,Object
aynamız,NOUN-INANIM-OBJECT,Noun,Inanimate,Object
aynanız,NOUN-INANIM-OBJECT,Noun,Inanimate,Object
aynası,NOUN-INANIM-OBJECT,Noun,Inanimate,Object
ineğim,NOUN-ANIM,Noun,Animate,Animate
ineğin,NOUN-ANIM,Noun,Animate,Animate
ineği,NOUN-ANIM,Noun,Animate,Animate
ineğimiz,NOUN-ANIM,Noun,Animate,Animate
ineğiniz,NOUN-ANIM,Noun,Animate,Animate
ineğleri,NOUN-ANIM,Noun,Animate,Animate
masam,NOUN-INANIM-OBJECT,Noun,Inanimate,Object
masan,NOUN-INANIM-OBJECT,Noun,Inanimate,Object
masası,NOUN-INANIM-OBJECT,Noun,Inanimate,Object
masamız,NOUN-INANIM-OBJECT,Noun,Inanimate,Object
masanız,NOUN-INANIM-OBJECT,Noun,Inanimate,Object
masası,NOUN-INANIM-OBJECT,Noun,Inanimate,Object
balığım,NOUN-ANIM,Noun,Animate,Animate
balığın,NOUN-ANIM,Noun,Animate,Animate
balığı,NOUN-ANIM,Noun,Animate,Animate
balığımız,NOUN-ANIM,Noun,Animate,Animate
balığınız,NOUN-ANIM,Noun,Animate,Animate
balığları,NOUN-ANIM,Noun,Animate,Animate
sineğim,NOUN-ANIM,Noun,Animate,Animate
sineğin,NOUN-ANIM,Noun,Animate,Animate
sineği,NOUN-ANIM,Noun,Animate,Animate
sineğimiz,NOUN-ANIM,Noun,Animate,Animate
sineğiniz,NOUN-ANIM,Noun,Animate,Animate
sineğleri,NOUN-ANIM,Noun,Animate,Animate
kartalım,NOUN-ANIM,Noun,Animate,Animate
kartalın,NOUN-ANIM,Noun,Animate,Animate
kartalı,NOUN-ANIM,Noun,Animate,Animate
kartalımız,NOUN-ANIM,Noun,Animate,Animate
kartalınız,NOUN-ANIM,Noun,Animate,Animate
kartalları,NOUN-ANIM,Noun,Animate,Animate
serçem,NOUN-ANIM,Noun,Animate,Animate
serçen,NOUN-ANIM,Noun,Animate,Animate
serçesi,NOUN-ANIM,Noun,Animate,Animate
serçemiz,NOUN-ANIM,Noun,Animate,Animate
serçeniz,NOUN-ANIM,Noun,Animate,Animate
serçesi,NOUN-ANIM,Noun,Animate,Animate
serçem,NOUN-ANIM,Noun,Animate,Animate
serçen,NOUN-ANIM,Noun,Animate,Animate
serçesi,NOUN-ANIM,Noun,Animate,Animate
serçemiz,NOUN-ANIM,Noun,Animate,Animate
serçeniz,NOUN-ANIM,Noun,Animate,Animate
serçesi,NOUN-ANIM,Noun,Animate,Animate
sandalyem,NOUN-INANIM-OBJECT,Noun,Inanimate,Object
sandalyen,NOUN-INANIM-OBJECT,Noun,Inanimate,Object
sandalyesi,NOUN-INANIM-OBJECT,Noun,Inanimate,Object
sandalyemiz,NOUN-INANIM-OBJECT,Noun,Inanimate,Object
sandalyeniz,NOUN-INANIM-OBJECT,Noun,Inanimate,Object
sandalyesi,NOUN-INANIM-OBJECT,Noun,Inanimate,Object
kedim,NOUN-ANIM,Noun,Animate,Animate
kedin,NOUN-ANIM,Noun,Animate,Animate
kedisi,NOUN-ANIM,Noun,Animate,Animate
kedimiz,NOUN-ANIM,Noun,Animate,Animate
kediniz,NOUN-ANIM,Noun,Animate,Animate
kedisi,NOUN-ANIM,Noun,Animate,Animate
açılışım,NOUN-INANIM-EVT,Noun,Inanimate,Event
açılışın,NOUN-INANIM-EVT,Noun,Inanimate,Event
açılışı,NOUN-INANIM-EVT,Noun,Inanimate,Event
açılışımız,NOUN-INANIM-EVT,Noun,Inanimate,Event
açılışınız,NOUN-INANIM-EVT,Noun,Inanimate,Event
açılışları,NOUN-INANIM-EVT,Noun,Inanimate,Event
kaşığım,NOUN-INANIM-OBJECT,Noun,Inanimate,Object
kaşığın,NOUN-INANIM-OBJECT,Noun,Inanimate,Object
kaşığı,NOUN-INANIM-OBJECT,Noun,Inanimate,Object
kaşığımız,NOUN-INANIM-OBJECT,Noun,Inanimate,Object
kaşığınız,NOUN-INANIM-OBJECT,Noun,Inanimate,Object
kaşığları,NOUN-INANIM-OBJECT,Noun,Inanimate,Object
gezim,NOUN-INANIM-EVT,Noun,Inanimate,Event
gezin,NOUN-INANIM-EVT,Noun,Inanimate,Event
gezisi,NOUN-INANIM-EVT,Noun,Inanimate,Event
gezimiz,NOUN-INANIM-EVT,Noun,Inanimate,Event
geziniz,NOUN-INANIM-EVT,Noun,Inanimate,Event
gezisi,NOUN-INANIM-EVT,Noun,Inanimate,Event
pantolonum,NOUN-INANIM-OBJECT,Noun,Inanimate,Object
pantolonun,NOUN-INANIM-OBJECT,Noun,Inanimate,Object
pantolonu,NOUN-INANIM-OBJECT,Noun,Inanimate,Object
pantolonumuz,NOUN-INANIM-OBJECT,Noun,Inanimate,Object
pantolonunuz,NOUN-INANIM-OBJECT,Noun,Inanimate,Object
pantolonları,NOUN-INANIM-OBJECT,Noun,Inanimate,Object
balığım,NOUN-ANIM,Noun,Animate,Animate
balığın,NOUN-ANIM,Noun,Animate,Animate
balığı,NOUN-ANIM,Noun,Animate,Animate
balığımız,NOUN-ANIM,Noun,Animate,Animate
balığınız,NOUN-ANIM,Noun,Animate,Animate
balığları,NOUN-ANIM,Noun,Animate,Animate
gözlüğüm,NOUN-INANIM-OBJECT,Noun,Inanimate,Object
gözlüğün,NOUN-INANIM-OBJECT,Noun,Inanimate,Object
gözlüğü,NOUN-INANIM-OBJECT,Noun,Inanimate,Object
gözlüğümüz,NOUN-INANIM-OBJECT,Noun,Inanimate,Object
gözlüğünüz,NOUN-INANIM-OBJECT,Noun,Inanimate,Object
gözlüğleri,NOUN-INANIM-OBJECT,Noun,Inanimate,Object
ineğim,NOUN-ANIM,Noun,Animate,Animate
ineğin,NOUN-ANIM,Noun,Animate,Animate
ineği,NOUN-ANIM,Noun,Animate,Animate
ineğimiz,NOUN-ANIM,Noun,Animate,Animate
ineğiniz,NOUN-ANIM,Noun,Animate,Animate
ineğleri,NOUN-ANIM,Noun,Animate,Animate
kartalım,NOUN-ANIM,Noun,Animate,Animate
kartalın,NOUN-ANIM,Noun,Animate,Animate
kartalı,NOUN-ANIM,Noun,Animate,Animate
kartalımız,NOUN-ANIM,Noun,Animate,Animate
kartalınız,NOUN-ANIM,Noun,Animate,Animate
kartalları,NOUN-ANIM,Noun,Animate,Animate
radyom,NOUN-INANIM-OBJECT,Noun,Inanimate,Object
radyon,NOUN-INANIM-OBJECT,Noun,Inanimate,Object
radyosı,NOUN-INANIM-OBJECT,Noun,Inanimate,Object
radyomız,NOUN-INANIM-OBJECT,Noun,Inanimate,Object
radyonız,NOUN-INANIM-OBJECT,Noun,Inanimate,Object
radyosı,NOUN-INANIM-OBJECT,Noun,Inanimate,Object
televizyonum,NOUN-INANIM-OBJECT,Noun,Inanimate,Object
televizyonun,NOUN-INANIM-OBJECT,Noun,Inanimate,Object
televizyonu,NOUN-INANIM-OBJECT,Noun,Inanimate,Object
televizyonumuz,NOUN-INANIM-OBJECT,Noun,Inanimate,Object
televizyonunuz,NOUN-INANIM-OBJECT,Noun,Inanimate,Object
televizyonları,NOUN-INANIM-OBJECT,Noun,Inanimate,Object
baykuşum,NOUN-ANIM,Noun,Animate,Animate
baykuşun,NOUN-ANIM,Noun,Animate,Animate
baykuşu,NOUN-ANIM,Noun,Animate,Animate
baykuşumuz,NOUN-ANIM,Noun,Animate,Animate
baykuşunuz,NOUN-ANIM,Noun,Animate,Animate
baykuşları,NOUN-ANIM,Noun,Animate,Animate
insanım,NOUN-ANIM,Noun,Animate,Animate
insanın,NOUN-ANIM,Noun,Animate,Animate
insanı,NOUN-ANIM,Noun,Animate,Animate
insanımız,NOUN-ANIM,Noun,Animate,Animate
insanınız,NOUN-ANIM,Noun,Animate,Animate
insanları,NOUN-ANIM,Noun,Animate,Animate
televizyonum,NOUN-INANIM-OBJECT,Noun,Inanimate,Object
televizyonun,NOUN-INANIM-OBJECT,Noun,Inanimate,Object
televizyonu,NOUN-INANIM-OBJECT,Noun,Inanimate,Object
televizyonumuz,NOUN-INANIM-OBJECT,Noun,Inanimate,Object
televizyonunuz,NOUN-INANIM-OBJECT,Noun,Inanimate,Object
televizyonları,NOUN-INANIM-OBJECT,Noun,Inanimate,Object
doğum günüm,NOUN-INANIM-EVT,Noun,Inanimate,Event
doğum günün,NOUN-INANIM-EVT,Noun,Inanimate,Event
doğum günüsi,NOUN-INANIM-EVT,Noun,Inanimate,Event
doğum günümiz,NOUN-INANIM-EVT,Noun,Inanimate,Event
doğum gününiz,NOUN-INANIM-EVT,Noun,Inanimate,Event
doğum günüsi,NOUN-INANIM-EVT,Noun,Inanimate,Event
aslanım,NOUN-ANIM,Noun,Animate,Animate
aslanın,NOUN-ANIM,Noun,Animate,Animate
aslanı,NOUN-ANIM,Noun,Animate,Animate
aslanımız,NOUN-ANIM,Noun,Animate,Animate
aslanınız,NOUN-ANIM,Noun,Animate,Animate
aslanları,NOUN-ANIM,Noun,Animate,Animate
şapkam,NOUN-INANIM-OBJECT,Noun,Inanimate,Object
şapkan,NOUN-INANIM-OBJECT,Noun,Inanimate,Object
şapkası,NOUN-INANIM-OBJECT,Noun,Inanimate,Object
şapkamız,NOUN-INANIM-OBJECT,Noun,Inanimate,Object
şapkanız,NOUN-INANIM-OBJECT,Noun,Inanimate,Object
şapkası,NOUN-INANIM-OBJECT,Noun,Inanimate,Object
düğünüm,NOUN-INANIM-EVT,Noun,Inanimate,Event
düğünün,NOUN-INANIM-EVT,Noun,Inanimate,Event
düğünü,NOUN-INANIM-EVT,Noun,Inanimate,Event
düğünümüz,NOUN-INANIM-EVT,Noun,Inanimate,Event
düğününüz,NOUN-INANIM-EVT,Noun,Inanimate,Event
düğünleri,NOUN-INANIM-EVT,Noun,Inanimate,Event
kurdum,NOUN-ANIM,Noun,Animate,Animate
kurdun,NOUN-ANIM,Noun,Animate,Animate
kurdu,NOUN-ANIM,Noun,Animate,Animate
kurdumuz,NOUN-ANIM,Noun,Animate,Animate
kurdunuz,NOUN-ANIM,Noun,Animate,Animate
kurdları,NOUN-ANIM,Noun,Animate,Animate
ayakkabım,NOUN-INANIM-OBJECT,Noun,Inanimate,Object
ayakkabın,NOUN-INANIM-OBJECT,Noun,Inanimate,Object
ayakkabısı,NOUN-INANIM-OBJECT,Noun,Inanimate,Object
ayakkabımız,NOUN-INANIM-OBJECT,Noun,Inanimate,Object
ayakkabınız,NOUN-INANIM-OBJECT,Noun,Inanimate,Object
ayakkabısı,NOUN-INANIM-OBJECT,Noun,Inanimate,Object
saadım,NOUN-INANIM-OBJECT,Noun,Inanimate,Object
saadın,NOUN-INANIM-OBJECT,Noun,Inanimate,Object
saadı,NOUN-INANIM-OBJECT,Noun,Inanimate,Object
saadımız,NOUN-INANIM-OBJECT,Noun,Inanimate,Object
saadınız,NOUN-INANIM-OBJECT,Noun,Inanimate,Object
saadları,NOUN-INANIM-OBJECT,Noun,Inanimate,Object
kameram,NOUN-INANIM-OBJECT,Noun,Inanimate,Object
kameran,NOUN-INANIM-OBJECT,Noun,Inanimate,Object
kamerası,NOUN-INANIM-OBJECT,Noun,Inanimate,Object
kameramız,NOUN-INANIM-OBJECT,Noun,Inanimate,Object
kameranız,NOUN-INANIM-OBJECT,Noun,Inanimate,Object
kamerası,NOUN-INANIM-OBJECT,Noun,Inanimate,Object
yastığım,NOUN-INANIM-OBJECT,Noun,Inanimate,Object
yastığın,NOUN-INANIM-OBJECT,Noun,Inanimate,Object
yastığı,NOUN-INANIM-OBJECT,Noun,Inanimate,Object
yastığımız,NOUN-INANIM-OBJECT,Noun,Inanimate,Object
yastığınız,NOUN-INANIM-OBJECT,Noun,Inanimate,Object
yastığları,NOUN-INANIM-OBJECT,Noun,Inanimate,Object
yılanım,NOUN-ANIM,Noun,Animate,Animate
yılanın,NOUN-ANIM,Noun,Animate,Animate
yılanı,NOUN-ANIM,Noun,Animate,Animate
yılanımız,NOUN-ANIM,Noun,Animate,Animate
yılanınız,NOUN-ANIM,Noun,Animate,Animate
yılanları,NOUN-ANIM,Noun,Animate,Animate
tilkim,NOUN-ANIM,Noun,Animate,Animate
tilkin,NOUN-ANIM,Noun,Animate,Animate
tilkisi,NOUN-ANIM,Noun,Animate,Animate
tilkimiz,NOUN-ANIM,Noun,Animate,Animate
tilkiniz,NOUN-ANIM,Noun,Animate,Animate
tilkisi,NOUN-ANIM,Noun,Animate,Animate
halım,NOUN-INANIM-OBJECT,Noun,Inanimate,Object
halın,NOUN-INANIM-OBJECT,Noun,Inanimate,Object
halısı,NOUN-INANIM-OBJECT,Noun,Inanimate,Object
halımız,NOUN-INANIM-OBJECT,Noun,Inanimate,Object
halınız,NOUN-INANIM-OBJECT,Noun,Inanimate,Object
halısı,NOUN-INANIM-OBJECT,Noun,Inanimate,Object
dersim,NOUN-INANIM-EVT,Noun,Inanimate,Event
dersin,NOUN-INANIM-EVT,Noun,Inanimate,Event
dersi,NOUN-INANIM-EVT,Noun,Inanimate,Event
dersimiz,NOUN-INANIM-EVT,Noun,Inanimate,Event
dersiniz,NOUN-INANIM-EVT,Noun,Inanimate,Event
dersleri,NOUN-INANIM-EVT,Noun,Inanimate,Event
arım,NOUN-ANIM,Noun,Animate,Animate
arın,NOUN-ANIM,Noun,Animate,Animate
arısı,NOUN-ANIM,Noun,Animate,Animate
arımız,NOUN-ANIM,Noun,Animate,Animate
arınız,NOUN-ANIM,Noun,Animate,Animate
arısı,NOUN-ANIM,Noun,Animate,Animate
şemsiyem,NOUN-INANIM-OBJECT,Noun,Inanimate,Object
şemsiyen,NOUN-INANIM-OBJECT,Noun,Inanimate,Object
şemsiyesi,NOUN-INANIM-OBJECT,Noun,Inanimate,Object
şemsiyemiz,NOUN-INANIM-OBJECT,Noun,Inanimate,Object
şemsiyeniz,NOUN-INANIM-OBJECT,Noun,Inanimate,Object
şemsiyesi,NOUN-INANIM-OBJECT,Noun,Inanimate,Object
kitabım,NOUN-INANIM-OBJECT,Noun,Inanimate,Object
kitabın,NOUN-INANIM-OBJECT,Noun,Inanimate,Object
kitabı,NOUN-INANIM-OBJECT,Noun,Inanimate,Object
kitabımız,NOUN-INANIM-OBJECT,Noun,Inanimate,Object
kitabınız,NOUN-INANIM-OBJECT,Noun,Inanimate,Object
kitabları,NOUN-INANIM-OBJECT,Noun,Inanimate,Object
kapanışım,NOUN-INANIM-EVT,Noun,Inanimate,Event
kapanışın,NOUN-INANIM-EVT,Noun,Inanimate,Event
kapanışı,NOUN-INANIM-EVT,Noun,Inanimate,Event
kapanışımız,NOUN-INANIM-EVT,Noun,Inanimate,Event
kapanışınız,NOUN-INANIM-EVT,Noun,Inanimate,Event
kapanışları,NOUN-INANIM-EVT,Noun,Inanimate,Event
kaplanım,NOUN-ANIM,Noun,Animate,Animate
kaplanın,NOUN-ANIM,Noun,Animate,Animate
kaplanı,NOUN-ANIM,Noun,Animate,Animate
kaplanımız,NOUN-ANIM,Noun,Animate,Animate
kaplanınız,NOUN-ANIM,Noun,Animate,Animate
kaplanları,NOUN-ANIM,Noun,Animate,Animate
tabağım,NOUN-INANIM-OBJECT,Noun,Inanimate,Object
tabağın,NOUN-INANIM-OBJECT,Noun,Inanimate,Object
tabağı,NOUN-INANIM-OBJECT,Noun,Inanimate,Object
tabağımız,NOUN-INANIM-OBJECT,Noun,Inanimate,Object
tabağınız,NOUN-INANIM-OBJECT,Noun,Inanimate,Object
tabağları,NOUN-INANIM-OBJECT,Noun,Inanimate,Object
etkinliğim,NOUN-INANIM-EVT,Noun,Inanimate,Event
etkinliğin,NOUN-INANIM-EVT,Noun,Inanimate,Event
etkinliği,NOUN-INANIM-EVT,Noun,Inanimate,Event
etkinliğimiz,NOUN-INANIM-EVT,Noun,Inanimate,Event
etkinliğiniz,NOUN-INANIM-EVT,Noun,Inanimate,Event
etkinliğleri,NOUN-INANIM-EVT,Noun,Inanimate,Event
kurbağam,NOUN-ANIM,Noun,Animate,Animate
kurbağan,NOUN-ANIM,Noun,Animate,Animate
kurbağası,NOUN-ANIM,Noun,Animate,Animate
kurbağamız,NOUN-ANIM,Noun,Animate,Animate
kurbağanız,NOUN-ANIM,Noun,Animate,Animate
kurbağası,NOUN-ANIM,Noun,Animate,Animate
cenazem,NOUN-INANIM-EVT,Noun,Inanimate,Event
cenazen,NOUN-INANIM-EVT,Noun,Inanimate,Event
cenazesi,NOUN-INANIM-EVT,Noun,Inanimate,Event
cenazemiz,NOUN-INANIM-EVT,Noun,Inanimate,Event
cenazeniz,NOUN-INANIM-EVT,Noun,Inanimate,Event
cenazesi,NOUN-INANIM-EVT,Noun,Inanimate,Event
kuşum,NOUN-ANIM,Noun,Animate,Animate
kuşun,NOUN-ANIM,Noun,Animate,Animate
kuşu,NOUN-ANIM,Noun,Animate,Animate
kuşumuz,NOUN-ANIM,Noun,Animate,Animate
kuşunuz,NOUN-ANIM,Noun,Animate,Animate
kuşları,NOUN-ANIM,Noun,Animate,Animate
eşeğim,NOUN-ANIM,Noun,Animate,Animate
eşeğin,NOUN-ANIM,Noun,Animate,Animate
eşeği,NOUN-ANIM,Noun,Animate,Animate
eşeğimiz,NOUN-ANIM,Noun,Animate,Animate
eşeğiniz,NOUN-ANIM,Noun,Animate,Animate
eşeğleri,NOUN-ANIM,Noun,Animate,Animate
telefonum,NOUN-INANIM-OBJECT,Noun,Inanimate,Object
telefonun,NOUN-INANIM-OBJECT,Noun,Inanimate,Object
telefonu,NOUN-INANIM-OBJECT,Noun,Inanimate,Object
telefonumuz,NOUN-INANIM-OBJECT,Noun,Inanimate,Object
telefonunuz,NOUN-INANIM-OBJECT,Noun,Inanimate,Object
telefonları,NOUN-INANIM-OBJECT,Noun,Inanimate,Object
tabağım,NOUN-INANIM-OBJECT,Noun,Inanimate,Object
tabağın,NOUN-INANIM-OBJECT,Noun,Inanimate,Object
tabağı,NOUN-INANIM-OBJECT,Noun,Inanimate,Object
tabağımız,NOUN-INANIM-OBJECT,Noun,Inanimate,Object
tabağınız,NOUN-INANIM-OBJECT,Noun,Inanimate,Object
tabağları,NOUN-INANIM-OBJECT,Noun,Inanimate,Object
yılanım,NOUN-ANIM,Noun,Animate,Animate
yılanın,NOUN-ANIM,Noun,Animate,Animate
yılanı,NOUN-ANIM,Noun,Animate,Animate
yılanımız,NOUN-ANIM,Noun,Animate,Animate
yılanınız,NOUN-ANIM,Noun,Animate,Animate
yılanları,NOUN-ANIM,Noun,Animate,Animate
zürafam,NOUN-ANIM,Noun,Animate,Animate
zürafan,NOUN-ANIM,Noun,Animate,Animate
zürafası,NOUN-ANIM,Noun,Animate,Animate
zürafamız,NOUN-ANIM,Noun,Animate,Animate
zürafanız,NOUN-ANIM,Noun,Animate,Animate
zürafası,NOUN-ANIM,Noun,Animate,Animate
ineğim,NOUN-ANIM,Noun,Animate,Animate
ineğin,NOUN-ANIM,Noun,Animate,Animate
ineği,NOUN-ANIM,Noun,Animate,Animate
ineğimiz,NOUN-ANIM,Noun,Animate,Animate
ineğiniz,NOUN-ANIM,Noun,Animate,Animate
ineğleri,NOUN-ANIM,Noun,Animate,Animate
konserim,NOUN-INANIM-EVT,Noun,Inanimate,Event
konserin,NOUN-INANIM-EVT,Noun,Inanimate,Event
konseri,NOUN-INANIM-EVT,Noun,Inanimate,Event
konserimiz,NOUN-INANIM-EVT,Noun,Inanimate,Event
konseriniz,NOUN-INANIM-EVT,Noun,Inanimate,Event
konserleri,NOUN-INANIM-EVT,Noun,Inanimate,Event
kaplumbağam,NOUN-ANIM,Noun,Animate,Animate
kaplumbağan,NOUN-ANIM,Noun,Animate,Animate
kaplumbağası,NOUN-ANIM,Noun,Animate,Animate
kaplumbağamız,NOUN-ANIM,Noun,Animate,Animate
kaplumbağanız,NOUN-ANIM,Noun,Animate,Animate
kaplumbağası,NOUN-ANIM,Noun,Animate,Animate
kartalım,NOUN-ANIM,Noun,Animate,Animate
kartalın,NOUN-ANIM,Noun,Animate,Animate
kartalı,NOUN-ANIM,Noun,Animate,Animate
kartalımız,NOUN-ANIM,Noun,Animate,Animate
kartalınız,NOUN-ANIM,Noun,Animate,Animate
kartalları,NOUN-ANIM,Noun,Animate,Animate
balığım,NOUN-ANIM,Noun,Animate,Animate
balığın,NOUN-ANIM,Noun,Animate,Animate
balığı,NOUN-ANIM,Noun,Animate,Animate
balığımız,NOUN-ANIM,Noun,Animate,Animate
balığınız,NOUN-ANIM,Noun,Animate,Animate
balığları,NOUN-ANIM,Noun,Animate,Animate
anahtarım,NOUN-INANIM-OBJECT,Noun,Inanimate,Object
anahtarın,NOUN-INANIM-OBJECT,Noun,Inanimate,Object
anahtarı,NOUN-INANIM-OBJECT,Noun,Inanimate,Object
anahtarımız,NOUN-INANIM-OBJECT,Noun,Inanimate,Object
anahtarınız,NOUN-INANIM-OBJECT,Noun,Inanimate,Object
anahtarları,NOUN-INANIM-OBJECT,Noun,Inanimate,Object
kitabım,NOUN-INANIM-OBJECT,Noun,Inanimate,Object
kitabın,NOUN-INANIM-OBJECT,Noun,Inanimate,Object
kitabı,NOUN-INANIM-OBJECT,Noun,Inanimate,Object
kitabımız,NOUN-INANIM-OBJECT,Noun,Inanimate,Object
kitabınız,NOUN-INANIM-OBJECT,Noun,Inanimate,Object
kitabları,NOUN-INANIM-OBJECT,Noun,Inanimate,Object
yılanım,NOUN-ANIM,Noun,Animate,Animate
yılanın,NOUN-ANIM,Noun,Animate,Animate
yılanı,NOUN-ANIM,Noun,Animate,Animate
yılanımız,NOUN-ANIM,Noun,Animate,Animate
yılanınız,NOUN-ANIM,Noun,Animate,Animate
yılanları,NOUN-ANIM,Noun,Animate,Animate
gezim,NOUN-INANIM-EVT,Noun,Inanimate,Event
gezin,NOUN-INANIM-EVT,Noun,Inanimate,Event
gezisi,NOUN-INANIM-EVT,Noun,Inanimate,Event
gezimiz,NOUN-INANIM-EVT,Noun,Inanimate,Event
geziniz,NOUN-INANIM-EVT,Noun,Inanimate,Event
gezisi,NOUN-INANIM-EVT,Noun,Inanimate,Event
pencerem,NOUN-INANIM-OBJECT,Noun,Inanimate,Object
penceren,NOUN-INANIM-OBJECT,Noun,Inanimate,Object
penceresi,NOUN-INANIM-OBJECT,Noun,Inanimate,Object
penceremiz,NOUN-INANIM-OBJECT,Noun,Inanimate,Object
pencereniz,NOUN-INANIM-OBJECT,Noun,Inanimate,Object
penceresi,NOUN-INANIM-OBJECT,Noun,Inanimate,Object
kalemim,NOUN-INANIM-OBJECT,Noun,Inanimate,Object
kalemin,NOUN-INANIM-OBJECT,Noun,Inanimate,Object
kalemi,NOUN-INANIM-OBJECT,Noun,Inanimate,Object
kalemimiz,NOUN-INANIM-OBJECT,Noun,Inanimate,Object
kaleminiz,NOUN-INANIM-OBJECT,Noun,Inanimate,Object
kalemleri,NOUN-INANIM-OBJECT,Noun,Inanimate,Object
cüzdanım,NOUN-INANIM-OBJECT,Noun,Inanimate,Object
cüzdanın,NOUN-INANIM-OBJECT,Noun,Inanimate,Object
cüzdanı,NOUN-INANIM-OBJECT,Noun,Inanimate,Object
cüzdanımız,NOUN-INANIM-OBJECT,Noun,Inanimate,Object
cüzdanınız,NOUN-INANIM-OBJECT,Noun,Inanimate,Object
cüzdanları,NOUN-INANIM-OBJECT,Noun,Inanimate,Object
kelebeğim,NOUN-ANIM,Noun,Animate,Animate
kelebeğin,NOUN-ANIM,Noun,Animate,Animate
kelebeği,NOUN-ANIM,Noun,Animate,Animate
kelebeğimiz,NOUN-ANIM,Noun,Animate,Animate
kelebeğiniz,NOUN-ANIM,Noun,Animate,Animate
kelebeğleri,NOUN-ANIM,Noun,Animate,Animate
etkinliğim,NOUN-INANIM-EVT,Noun,Inanimate,Event
etkinliğin,NOUN-INANIM-EVT,Noun,Inanimate,Event
etkinliği,NOUN-INANIM-EVT,Noun,Inanimate,Event
etkinliğimiz,NOUN-INANIM-EVT,Noun,Inanimate,Event
etkinliğiniz,NOUN-INANIM-EVT,Noun,Inanimate,Event
etkinliğleri,NOUN-INANIM-EVT,Noun,Inanimate,Event
bilgisayarım,NOUN-INANIM-OBJECT,Noun,Inanimate,Object
bilgisayarın,NOUN-INANIM-OBJECT,Noun,Inanimate,Object
bilgisayarı,NOUN-INANIM-OBJECT,Noun,Inanimate,Object
bilgisayarımız,NOUN-INANIM-OBJECT,Noun,Inanimate,Object
bilgisayarınız,NOUN-INANIM-OBJECT,Noun,Inanimate,Object
bilgisayarları,NOUN-INANIM-OBJECT,Noun,Inanimate,Object
sineğim,NOUN-ANIM,Noun,Animate,Animate
sineğin,NOUN-ANIM,Noun,Animate,Animate
sineği,NOUN-ANIM,Noun,Animate,Animate
sineğimiz,NOUN-ANIM,Noun,Animate,Animate
sineğiniz,NOUN-ANIM,Noun,Animate,Animate
sineğleri,NOUN-ANIM,Noun,Animate,Animate
yastığım,NOUN-INANIM-OBJECT,Noun,Inanimate,Object
yastığın,NOUN-INANIM-OBJECT,Noun,Inanimate,Object
yastığı,NOUN-INANIM-OBJECT,Noun,Inanimate,Object
yastığımız,NOUN-INANIM-OBJECT,Noun,Inanimate,Object
yastığınız,NOUN-INANIM-OBJECT,Noun,Inanimate,Object
yastığları,NOUN-INANIM-OBJECT,Noun,Inanimate,Object
eşeğim,NOUN-ANIM,Noun,Animate,Animate
eşeğin,NOUN-ANIM,Noun,Animate,Animate
eşeği,NOUN-ANIM,Noun,Animate,Animate
eşeğimiz,NOUN-ANIM,Noun,Animate,Animate
eşeğiniz,NOUN-ANIM,Noun,Animate,Animate
eşeğleri,NOUN-ANIM,Noun,Animate,Animate
pantolonum,NOUN-INANIM-OBJECT,Noun,Inanimate,Object
pantolonun,NOUN-INANIM-OBJECT,Noun,Inanimate,Object
pantolonu,NOUN-INANIM-OBJECT,Noun,Inanimate,Object
pantolonumuz,NOUN-INANIM-OBJECT,Noun,Inanimate,Object
pantolonunuz,NOUN-INANIM-OBJECT,Noun,Inanimate,Object
pantolonları,NOUN-INANIM-OBJECT,Noun,Inanimate,Object
masam,NOUN-INANIM-OBJECT,Noun,Inanimate,Object
masan,NOUN-INANIM-OBJECT,Noun,Inanimate,Object
masası,NOUN-INANIM-OBJECT,Noun,Inanimate,Object
masamız,NOUN-INANIM-OBJECT,Noun,Inanimate,Object
masanız,NOUN-INANIM-OBJECT,Noun,Inanimate,Object
masası,NOUN-INANIM-OBJECT,Noun,Inanimate,Object
şemsiyem,NOUN-INANIM-OBJECT,Noun,Inanimate,Object
şemsiyen,NOUN-INANIM-OBJECT,Noun,Inanimate,Object
şemsiyesi,NOUN-INANIM-OBJECT,Noun,Inanimate,Object
şemsiyemiz,NOUN-INANIM-OBJECT,Noun,Inanimate,Object
şemsiyeniz,NOUN-INANIM-OBJECT,Noun,Inanimate,Object
şemsiyesi,NOUN-INANIM-OBJECT,Noun,Inanimate,Object
kaplumbağam,NOUN-ANIM,Noun,Animate,Animate
kaplumbağan,NOUN-ANIM,Noun,Animate,Animate
kaplumbağası,NOUN-ANIM,Noun,Animate,Animate
kaplumbağamız,NOUN-ANIM,Noun,Animate,Animate
kaplumbağanız,NOUN-ANIM,Noun,Animate,Animate
kaplumbağası,NOUN-ANIM,Noun,Animate,Animate
düğünüm,NOUN-INANIM-EVT,Noun,Inanimate,Event
düğünün,NOUN-INANIM-EVT,Noun,Inanimate,Event
düğünü,NOUN-INANIM-EVT,Noun,Inanimate,Event
düğünümüz,NOUN-INANIM-EVT,Noun,Inanimate,Event
düğününüz,NOUN-INANIM-EVT,Noun,Inanimate,Event
düğünleri,NOUN-INANIM-EVT,Noun,Inanimate,Event
ayım,NOUN-ANIM,Noun,Animate,Animate
ayın,NOUN-ANIM,Noun,Animate,Animate
ayısı,NOUN-ANIM,Noun,Animate,Animate
ayımız,NOUN-ANIM,Noun,Animate,Animate
ayınız,NOUN-ANIM,Noun,Animate,Animate
ayısı,NOUN-ANIM,Noun,Animate,Animate
cenazem,NOUN-INANIM-EVT,Noun,Inanimate,Event
cenazen,NOUN-INANIM-EVT,Noun,Inanimate,Event
cenazesi,NOUN-INANIM-EVT,Noun,Inanimate,Event
cenazemiz,NOUN-INANIM-EVT,Noun,Inanimate,Event
cenazeniz,NOUN-INANIM-EVT,Noun,Inanimate,Event
cenazesi,NOUN-INANIM-EVT,Noun,Inanimate,Event
etkinliğim,NOUN-INANIM-EVT,Noun,Inanimate,Event
etkinliğin,NOUN-INANIM-EVT,Noun,Inanimate,Event
etkinliği,NOUN-INANIM-EVT,Noun,Inanimate,Event
etkinliğimiz,NOUN-INANIM-EVT,Noun,Inanimate,Event
etkinliğiniz,NOUN-INANIM-EVT,Noun,Inanimate,Event
etkinliğleri,NOUN-INANIM-EVT,Noun,Inanimate,Event
tavşanım,NOUN-ANIM,Noun,Animate,Animate
tavşanın,NOUN-ANIM,Noun,Animate,Animate
tavşanı,NOUN-ANIM,Noun,Animate,Animate
tavşanımız,NOUN-ANIM,Noun,Animate,Animate
tavşanınız,NOUN-ANIM,Noun,Animate,Animate
tavşanları,NOUN-ANIM,Noun,Animate,Animate
partim,NOUN-INANIM-EVT,Noun,Inanimate,Event
partin,NOUN-INANIM-EVT,Noun,Inanimate,Event
partisi,NOUN-INANIM-EVT,Noun,Inanimate,Event
partimiz,NOUN-INANIM-EVT,Noun,Inanimate,Event
partiniz,NOUN-INANIM-EVT,Noun,Inanimate,Event
partisi,NOUN-INANIM-EVT,Noun,Inanimate,Event
etkinliğim,NOUN-INANIM-EVT,Noun,Inanimate,Event
etkinliğin,NOUN-INANIM-EVT,Noun,Inanimate,Event
etkinliği,NOUN-INANIM-EVT,Noun,Inanimate,Event
etkinliğimiz,NOUN-INANIM-EVT,Noun,Inanimate,Event
etkinliğiniz,NOUN-INANIM-EVT,Noun,Inanimate,Event
etkinliğleri,NOUN-INANIM-EVT,Noun,Inanimate,Event
gösterim,NOUN-INANIM-EVT,Noun,Inanimate,Event
gösterin,NOUN-INANIM-EVT,Noun,Inanimate,Event
gösterisi,NOUN-INANIM-EVT,Noun,Inanimate,Event
gösterimiz,NOUN-INANIM-EVT,Noun,Inanimate,Event
gösteriniz,NOUN-INANIM-EVT,Noun,Inanimate,Event
gösterisi,NOUN-INANIM-EVT,Noun,Inanimate,Event
çantam,NOUN-INANIM-OBJECT,Noun,Inanimate,Object
çantan,NOUN-INANIM-OBJECT,Noun,Inanimate,Object
çantası,NOUN-INANIM-OBJECT,Noun,Inanimate,Object
çantamız,NOUN-INANIM-OBJECT,Noun,Inanimate,Object
çantanız,NOUN-INANIM-OBJECT,Noun,Inanimate,Object
çantası,NOUN-INANIM-OBJECT,Noun,Inanimate,Object
gözlüğüm,NOUN-INANIM-OBJECT,Noun,Inanimate,Object
gözlüğün,NOUN-INANIM-OBJECT,Noun,Inanimate,Object
gözlüğü,NOUN-INANIM-OBJECT,Noun,Inanimate,Object
gözlüğümüz,NOUN-INANIM-OBJECT,Noun,Inanimate,Object
gözlüğünüz,NOUN-INANIM-OBJECT,Noun,Inanimate,Object
gözlüğleri,NOUN-INANIM-OBJECT,Noun,Inanimate,Object
kalemim,NOUN-INANIM-OBJECT,Noun,Inanimate,Object
kalemin,NOUN-INANIM-OBJECT,Noun,Inanimate,Object
kalemi,NOUN-INANIM-OBJECT,Noun,Inanimate,Object
kalemimiz,NOUN-INANIM-OBJECT,Noun,Inanimate,Object
kaleminiz,NOUN-INANIM-OBJECT,Noun,Inanimate,Object
kalemleri,NOUN-INANIM-OBJECT,Noun,Inanimate,Object
eşeğim,NOUN-ANIM,Noun,Animate,Animate
eşeğin,NOUN-ANIM,Noun,Animate,Animate
eşeği,NOUN-ANIM,Noun,Animate,Animate
eşeğimiz,NOUN-ANIM,Noun,Animate,Animate
eşeğiniz,NOUN-ANIM,Noun,Animate,Animate
eşeğleri,NOUN-ANIM,Noun,Animate,Animate
pantolonum,NOUN-INANIM-OBJECT,Noun,Inanimate,Object
pantolonun,NOUN-INANIM-OBJECT,Noun,Inanimate,Object
pantolonu,NOUN-INANIM-OBJECT,Noun,Inanimate,Object
pantolonumuz,NOUN-INANIM-OBJECT,Noun,Inanimate,Object
pantolonunuz,NOUN-INANIM-OBJECT,Noun,Inanimate,Object
pantolonları,NOUN-INANIM-OBJECT,Noun,Inanimate,Object
toplantım,NOUN-INANIM-EVT,Noun,Inanimate,Event
toplantın,NOUN-INANIM-EVT,Noun,Inanimate,Event
toplantısı,NOUN-INANIM-EVT,Noun,Inanimate,Event
toplantımız,NOUN-INANIM-EVT,Noun,Inanimate,Event
toplantınız,NOUN-INANIM-EVT,Noun,Inanimate,Event
toplantısı,NOUN-INANIM-EVT,Noun,Inanimate,Event
kedim,NOUN-ANIM,Noun,Animate,Animate
kedin,NOUN-ANIM,Noun,Animate,Animate
kedisi,NOUN-ANIM,Noun,Animate,Animate
kedimiz,NOUN-ANIM,Noun,Animate,Animate
kediniz,NOUN-ANIM,Noun,Animate,Animate
kedisi,NOUN-ANIM,Noun,Animate,Animate
gösterimim,NOUN-INANIM-EVT,Noun,Inanimate,Event
gösterimin,NOUN-INANIM-EVT,Noun,Inanimate,Event
gösterimi,NOUN-INANIM-EVT,Noun,Inanimate,Event
gösterimimiz,NOUN-INANIM-EVT,Noun,Inanimate,Event
gösteriminiz,NOUN-INANIM-EVT,Noun,Inanimate,Event
gösterimleri,NOUN-INANIM-EVT,Noun,Inanimate,Event
mezuniyedim,NOUN-INANIM-EVT,Noun,Inanimate,Event
mezuniyedin,NOUN-INANIM-EVT,Noun,Inanimate,Event
mezuniyedi,NOUN-INANIM-EVT,Noun,Inanimate,Event
mezuniyedimiz,NOUN-INANIM-EVT,Noun,Inanimate,Event
mezuniyediniz,NOUN-INANIM-EVT,Noun,Inanimate,Event
mezuniyedleri,NOUN-INANIM-EVT,Noun,Inanimate,Event
pantolonum,NOUN-INANIM-OBJECT,Noun,Inanimate,Object
pantolonun,NOUN-INANIM-OBJECT,Noun,Inanimate,Object
pantolonu,NOUN-INANIM-OBJECT,Noun,Inanimate,Object
pantolonumuz,NOUN-INANIM-OBJECT,Noun,Inanimate,Object
pantolonunuz,NOUN-INANIM-OBJECT,Noun,Inanimate,Object
pantolonları,NOUN-INANIM-OBJECT,Noun,Inanimate,Object
halım,NOUN-INANIM-OBJECT,Noun,Inanimate,Object
halın,NOUN-INANIM-OBJECT,Noun,Inanimate,Object
halısı,NOUN-INANIM-OBJECT,Noun,Inanimate,Object
halımız,NOUN-INANIM-OBJECT,Noun,Inanimate,Object
halınız,NOUN-INANIM-OBJECT,Noun,Inanimate,Object
halısı,NOUN-INANIM-OBJECT,Noun,Inanimate,Object
tabağım,NOUN-INANIM-OBJECT,Noun,Inanimate,Object
tabağın,NOUN-INANIM-OBJECT,Noun,Inanimate,Object
tabağı,NOUN-INANIM-OBJECT,Noun,Inanimate,Object
tabağımız,NOUN-INANIM-OBJECT,Noun,Inanimate,Object
tabağınız,NOUN-INANIM-OBJECT,Noun,Inanimate,Object
tabağları,NOUN-INANIM-OBJECT,Noun,Inanimate,Object
arım,NOUN-ANIM,Noun,Animate,Animate
arın,NOUN-ANIM,Noun,Animate,Animate
arısı,NOUN-ANIM,Noun,Animate,Animate
arımız,NOUN-ANIM,Noun,Animate,Animate
arınız,NOUN-ANIM,Noun,Animate,Animate
arısı,NOUN-ANIM,Noun,Animate,Animate
adım,NOUN-ANIM,Noun,Animate,Animate
adın,NOUN-ANIM,Noun,Animate,Animate
adı,NOUN-ANIM,Noun,Animate,Animate
adımız,NOUN-ANIM,Noun,Animate,Animate
adınız,NOUN-ANIM,Noun,Animate,Animate
adları,NOUN-ANIM,Noun,Animate,Animate
aslanım,NOUN-ANIM,Noun,Animate,Animate
aslanın,NOUN-ANIM,Noun,Animate,Animate
aslanı,NOUN-ANIM,Noun,Animate,Animate
aslanımız,NOUN-ANIM,Noun,Animate,Animate
aslanınız,NOUN-ANIM,Noun,Animate,Animate
aslanları,NOUN-ANIM,Noun,Animate,Animate
maymunum,NOUN-ANIM,Noun,Animate,Animate
maymunun,NOUN-ANIM,Noun,Animate,Animate
maymunu,NOUN-ANIM,Noun,Animate,Animate
maymunumuz,NOUN-ANIM,Noun,Animate,Animate
maymununuz,NOUN-ANIM,Noun,Animate,Animate
maymunları,NOUN-ANIM,Noun,Animate,Animate
bayramım,NOUN-INANIM-EVT,Noun,Inanimate,Event
bayramın,NOUN-INANIM-EVT,Noun,Inanimate,Event
bayramı,NOUN-INANIM-EVT,Noun,Inanimate,Event
bayramımız,NOUN-INANIM-EVT,Noun,Inanimate,Event
bayramınız,NOUN-INANIM-EVT,Noun,Inanimate,Event
bayramları,NOUN-INANIM-EVT,Noun,Inanimate,Event
tabağım,NOUN-INANIM-OBJECT,Noun,Inanimate,Object
tabağın,NOUN-INANIM-OBJECT,Noun,Inanimate,Object
tabağı,NOUN-INANIM-OBJECT,Noun,Inanimate,Object
tabağımız,NOUN-INANIM-OBJECT,Noun,Inanimate,Object
tabağınız,NOUN-INANIM-OBJECT,Noun,Inanimate,Object
tabağları,NOUN-INANIM-OBJECT,Noun,Inanimate,Object
perdem,NOUN-INANIM-OBJECT,Noun,Inanimate,Object
perden,NOUN-INANIM-OBJECT,Noun,Inanimate,Object
perdesi,NOUN-INANIM-OBJECT,Noun,Inanimate,Object
perdemiz,NOUN-INANIM-OBJECT,Noun,Inanimate,Object
perdeniz,NOUN-INANIM-OBJECT,Noun,Inanimate,Object
perdesi,NOUN-INANIM-OBJECT,Noun,Inanimate,Object
kameram,NOUN-INANIM-OBJECT,Noun,Inanimate,Object
kameran,NOUN-INANIM-OBJECT,Noun,Inanimate,Object
kamerası,NOUN-INANIM-OBJECT,Noun,Inanimate,Object
kameramız,NOUN-INANIM-OBJECT,Noun,Inanimate,Object
kameranız,NOUN-INANIM-OBJECT,Noun,Inanimate,Object
kamerası,NOUN-INANIM-OBJECT,Noun,Inanimate,Object
seyahadım,NOUN-INANIM-EVT,Noun,Inanimate,Event
seyahadın,NOUN-INANIM-EVT,Noun,Inanimate,Event
seyahadı,NOUN-INANIM-EVT,Noun,Inanimate,Event
seyahadımız,NOUN-INANIM-EVT,Noun,Inanimate,Event
seyahadınız,NOUN-INANIM-EVT,Noun,Inanimate,Event
seyahadları,NOUN-INANIM-EVT,Noun,Inanimate,Event
toplantım,NOUN-INANIM-EVT,Noun,Inanimate,Event
toplantın,NOUN-INANIM-EVT,Noun,Inanimate,Event
toplantısı,NOUN-INANIM-EVT,Noun,Inanimate,Event
toplantımız,NOUN-INANIM-EVT,Noun,Inanimate,Event
toplantınız,NOUN-INANIM-EVT,Noun,Inanimate,Event
toplantısı,NOUN-INANIM-EVT,Noun,Inanimate,Event
yılanım,NOUN-ANIM,Noun,Animate,Animate
yılanın,NOUN-ANIM,Noun,Animate,Animate
yılanı,NOUN-ANIM,Noun,Animate,Animate
yılanımız,NOUN-ANIM,Noun,Animate,Animate
yılanınız,NOUN-ANIM,Noun,Animate,Animate
yılanları,NOUN-ANIM,Noun,Animate,Animate
şapkam,NOUN-INANIM-OBJECT,Noun,Inanimate,Object
şapkan,NOUN-INANIM-OBJECT,Noun,Inanimate,Object
şapkası,NOUN-INANIM-OBJECT,Noun,Inanimate,Object
şapkamız,NOUN-INANIM-OBJECT,Noun,Inanimate,Object
şapkanız,NOUN-INANIM-OBJECT,Noun,Inanimate,Object
şapkası,NOUN-INANIM-OBJECT,Noun,Inanimate,Object
partim,NOUN-INANIM-EVT,Noun,Inanimate,Event
partin,NOUN-INANIM-EVT,Noun,Inanimate,Event
partisi,NOUN-INANIM-EVT,Noun,Inanimate,Event
partimiz,NOUN-INANIM-EVT,Noun,Inanimate,Event
partiniz,NOUN-INANIM-EVT,Noun,Inanimate,Event
partisi,NOUN-INANIM-EVT,Noun,Inanimate,Event
kaşığım,NOUN-INANIM-OBJECT,Noun,Inanimate,Object
kaşığın,NOUN-INANIM-OBJECT,Noun,Inanimate,Object
kaşığı,NOUN-INANIM-OBJECT,Noun,Inanimate,Object
kaşığımız,NOUN-INANIM-OBJECT,Noun,Inanimate,Object
kaşığınız,NOUN-INANIM-OBJECT,Noun,Inanimate,Object
kaşığları,NOUN-INANIM-OBJECT,Noun,Inanimate,Object
konferansım,NOUN-INANIM-EVT,Noun,Inanimate,Event
konferansın,NOUN-INANIM-EVT,Noun,Inanimate,Event
konferansı,NOUN-INANIM-EVT,Noun,Inanimate,Event
konferansımız,NOUN-INANIM-EVT,Noun,Inanimate,Event
konferansınız,NOUN-INANIM-EVT,Noun,Inanimate,Event
konferansları,NOUN-INANIM-EVT,Noun,Inanimate,Event
ayım,NOUN-ANIM,Noun,Animate,Animate
ayın,NOUN-ANIM,Noun,Animate,Animate
ayısı,NOUN-ANIM,Noun,Animate,Animate
ayımız,NOUN-ANIM,Noun,Animate,Animate
ayınız,NOUN-ANIM,Noun,Animate,Animate
ayısı,NOUN-ANIM,Noun,Animate,Animate
nişanım,NOUN-INANIM-EVT,Noun,Inanimate,Event
nişanın,NOUN-INANIM-EVT,Noun,Inanimate,Event
nişanı,NOUN-INANIM-EVT,Noun,Inanimate,Event
nişanımız,NOUN-INANIM-EVT,Noun,Inanimate,Event
nişanınız,NOUN-INANIM-EVT,Noun,Inanimate,Event
nişanları,NOUN-INANIM-EVT,Noun,Inanimate,Event
bilgisayarım,NOUN-INANIM-OBJECT,Noun,Inanimate,Object
bilgisayarın,NOUN-INANIM-OBJECT,Noun,Inanimate,Object
bilgisayarı,NOUN-INANIM-OBJECT,Noun,Inanimate,Object
bilgisayarımız,NOUN-INANIM-OBJECT,Noun,Inanimate,Object
bilgisayarınız,NOUN-INANIM-OBJECT,Noun,Inanimate,Object
bilgisayarları,NOUN-INANIM-OBJECT,Noun,Inanimate,Object
sergim,NOUN-INANIM-EVT,Noun,Inanimate,Event
sergin,NOUN-INANIM-EVT,Noun,Inanimate,Event
sergisi,NOUN-INANIM-EVT,Noun,Inanimate,Event
sergimiz,NOUN-INANIM-EVT,Noun,Inanimate,Event
serginiz,NOUN-INANIM-EVT,Noun,Inanimate,Event
sergisi,NOUN-INANIM-EVT,Noun,Inanimate,Event
macım,NOUN-INANIM-EVT,Noun,Inanimate,Event
macın,NOUN-INANIM-EVT,Noun,Inanimate,Event
macı,NOUN-INANIM-EVT,Noun,Inanimate,Event
macımız,NOUN-INANIM-EVT,Noun,Inanimate,Event
macınız,NOUN-INANIM-EVT,Noun,Inanimate,Event
macları,NOUN-INANIM-EVT,Noun,Inanimate,Event
kapanışım,NOUN-INANIM-EVT,Noun,Inanimate,Event
kapanışın,NOUN-INANIM-EVT,Noun,Inanimate,Event
kapanışı,NOUN-INANIM-EVT,Noun,Inanimate,Event
kapanışımız,NOUN-INANIM-EVT,Noun,Inanimate,Event
kapanışınız,NOUN-INANIM-EVT,Noun,Inanimate,Event
kapanışları,NOUN-INANIM-EVT,Noun,Inanimate,Event
kapanışım,NOUN-INANIM-EVT,Noun,Inanimate,Event
kapanışın,NOUN-INANIM-EVT,Noun,Inanimate,Event
kapanışı,NOUN-INANIM-EVT,Noun,Inanimate,Event
kapanışımız,NOUN-INANIM-EVT,Noun,Inanimate,Event
kapanışınız,NOUN-INANIM-EVT,Noun,Inanimate,Event
kapanışları,NOUN-INANIM-EVT,Noun,Inanimate,Event
kurdum,NOUN-ANIM,Noun,Animate,Animate
kurdun,NOUN-ANIM,Noun,Animate,Animate
kurdu,NOUN-ANIM,Noun,Animate,Animate
kurdumuz,NOUN-ANIM,Noun,Animate,Animate
kurdunuz,NOUN-ANIM,Noun,Animate,Animate
kurdları,NOUN-ANIM,Noun,Animate,Animate
kaplumbağam,NOUN-ANIM,Noun,Animate,Animate
kaplumbağan,NOUN-ANIM,Noun,Animate,Animate
kaplumbağası,NOUN-ANIM,Noun,Animate,Animate
kaplumbağamız,NOUN-ANIM,Noun,Animate,Animate
kaplumbağanız,NOUN-ANIM,Noun,Animate,Animate
kaplumbağası,NOUN-ANIM,Noun,Animate,Animate
pantolonum,NOUN-INANIM-OBJECT,Noun,Inanimate,Object
pantolonun,NOUN-INANIM-OBJECT,Noun,Inanimate,Object
pantolonu,NOUN-INANIM-OBJECT,Noun,Inanimate,Object
pantolonumuz,NOUN-INANIM-OBJECT,Noun,Inanimate,Object
pantolonunuz,NOUN-INANIM-OBJECT,Noun,Inanimate,Object
pantolonları,NOUN-INANIM-OBJECT,Noun,Inanimate,Object
panelim,NOUN-INANIM-EVT,Noun,Inanimate,Event
panelin,NOUN-INANIM-EVT,Noun,Inanimate,Event
paneli,NOUN-INANIM-EVT,Noun,Inanimate,Event
panelimiz,NOUN-INANIM-EVT,Noun,Inanimate,Event
paneliniz,NOUN-INANIM-EVT,Noun,Inanimate,Event
panelleri,NOUN-INANIM-EVT,Noun,Inanimate,Event
arım,NOUN-ANIM,Noun,Animate,Animate
arın,NOUN-ANIM,Noun,Animate,Animate
arısı,NOUN-ANIM,Noun,Animate,Animate
arımız,NOUN-ANIM,Noun,Animate,Animate
arınız,NOUN-ANIM,Noun,Animate,Animate
arısı,NOUN-ANIM,Noun,Animate,Animate
cenazem,NOUN-INANIM-EVT,Noun,Inanimate,Event
cenazen,NOUN-INANIM-EVT,Noun,Inanimate,Event
cenazesi,NOUN-INANIM-EVT,Noun,Inanimate,Event
cenazemiz,NOUN-INANIM-EVT,Noun,Inanimate,Event
cenazeniz,NOUN-INANIM-EVT,Noun,Inanimate,Event
cenazesi,NOUN-INANIM-EVT,Noun,Inanimate,Event
cenazem,NOUN-INANIM-EVT,Noun,Inanimate,Event
cenazen,NOUN-INANIM-EVT,Noun,Inanimate,Event
cenazesi,NOUN-INANIM-EVT,Noun,Inanimate,Event
cenazemiz,NOUN-INANIM-EVT,Noun,Inanimate,Event
cenazeniz,NOUN-INANIM-EVT,Noun,Inanimate,Event
cenazesi,NOUN-INANIM-EVT,Noun,Inanimate,Event
gömleğim,NOUN-INANIM-OBJECT,Noun,Inanimate,Object
gömleğin,NOUN-INANIM-OBJECT,Noun,Inanimate,Object
gömleği,NOUN-INANIM-OBJECT,Noun,Inanimate,Object
gömleğimiz,NOUN-INANIM-OBJECT,Noun,Inanimate,Object
gömleğiniz,NOUN-INANIM-OBJECT,Noun,Inanimate,Object
gömleğleri,NOUN-INANIM-OBJECT,Noun,Inanimate,Object
gösterimim,NOUN-INANIM-EVT,Noun,Inanimate,Event
gösterimin,NOUN-INANIM-EVT,Noun,Inanimate,Event
gösterimi,NOUN-INANIM-EVT,Noun,Inanimate,Event
gösterimimiz,NOUN-INANIM-EVT,Noun,Inanimate,Event
gösteriminiz,NOUN-INANIM-EVT,Noun,Inanimate,Event
gösterimleri,NOUN-INANIM-EVT,Noun,Inanimate,Event
pantolonum,NOUN-INANIM-OBJECT,Noun,Inanimate,Object
pantolonun,NOUN-INANIM-OBJECT,Noun,Inanimate,Object
pantolonu,NOUN-INANIM-OBJECT,Noun,Inanimate,Object
pantolonumuz,NOUN-INANIM-OBJECT,Noun,Inanimate,Object
pantolonunuz,NOUN-INANIM-OBJECT,Noun,Inanimate,Object
pantolonları,NOUN-INANIM-OBJECT,Noun,Inanimate,Object
kedim,NOUN-ANIM,Noun,Animate,Animate
kedin,NOUN-ANIM,Noun,Animate,Animate
kedisi,NOUN-ANIM,Noun,Animate,Animate
kedimiz,NOUN-ANIM,Noun,Animate,Animate
kediniz,NOUN-ANIM,Noun,Animate,Animate
kedisi,NOUN-ANIM,Noun,Animate,Animate
kurdum,NOUN-ANIM,Noun,Animate,Animate
kurdun,NOUN-ANIM,Noun,Animate,Animate
kurdu,NOUN-ANIM,Noun,Animate,Animate
kurdumuz,NOUN-ANIM,Noun,Animate,Animate
kurdunuz,NOUN-ANIM,Noun,Animate,Animate
kurdları,NOUN-ANIM,Noun,Animate,Animate
anahtarım,NOUN-INANIM-OBJECT,Noun,Inanimate,Object
anahtarın,NOUN-INANIM-OBJECT,Noun,Inanimate,Object
anahtarı,NOUN-INANIM-OBJECT,Noun,Inanimate,Object
anahtarımız,NOUN-INANIM-OBJECT,Noun,Inanimate,Object
anahtarınız,NOUN-INANIM-OBJECT,Noun,Inanimate,Object
anahtarları,NOUN-INANIM-OBJECT,Noun,Inanimate,Object
tatilim,NOUN-INANIM-EVT,Noun,Inanimate,Event
tatilin,NOUN-INANIM-EVT,Noun,Inanimate,Event
tatili,NOUN-INANIM-EVT,Noun,Inanimate,Event
tatilimiz,NOUN-INANIM-EVT,Noun,Inanimate,Event
tatiliniz,NOUN-INANIM-EVT,Noun,Inanimate,Event
tatilleri,NOUN-INANIM-EVT,Noun,Inanimate,Event
konserim,NOUN-INANIM-EVT,Noun,Inanimate,Event
konserin,NOUN-INANIM-EVT,Noun,Inanimate,Event
konseri,NOUN-INANIM-EVT,Noun,Inanimate,Event
konserimiz,NOUN-INANIM-EVT,Noun,Inanimate,Event
konseriniz,NOUN-INANIM-EVT,Noun,Inanimate,Event
konserleri,NOUN-INANIM-EVT,Noun,Inanimate,Event
kaşığım,NOUN-INANIM-OBJECT,Noun,Inanimate,Object
kaşığın,NOUN-INANIM-OBJECT,Noun,Inanimate,Object
kaşığı,NOUN-INANIM-OBJECT,Noun,Inanimate,Object
kaşığımız,NOUN-INANIM-OBJECT,Noun,Inanimate,Object
kaşığınız,NOUN-INANIM-OBJECT,Noun,Inanimate,Object
kaşığları,NOUN-INANIM-OBJECT,Noun,Inanimate,Object
gösterim,NOUN-INANIM-EVT,Noun,Inanimate,Event
gösterin,NOUN-INANIM-EVT,Noun,Inanimate,Event
gösterisi,NOUN-INANIM-EVT,Noun,Inanimate,Event
gösterimiz,NOUN-INANIM-EVT,Noun,Inanimate,Event
gösteriniz,NOUN-INANIM-EVT,Noun,Inanimate,Event
gösterisi,NOUN-INANIM-EVT,Noun,Inanimate,Event
seyahadım,NOUN-INANIM-EVT,Noun,Inanimate,Event
seyahadın,NOUN-INANIM-EVT,Noun,Inanimate,Event
seyahadı,NOUN-INANIM-EVT,Noun,Inanimate,Event
seyahadımız,NOUN-INANIM-EVT,Noun,Inanimate,Event
seyahadınız,NOUN-INANIM-EVT,Noun,Inanimate,Event
seyahadları,NOUN-INANIM-EVT,Noun,Inanimate,Event
düğünüm,NOUN-INANIM-EVT,Noun,Inanimate,Event
düğünün,NOUN-INANIM-EVT,Noun,Inanimate,Event
düğünü,NOUN-INANIM-EVT,Noun,Inanimate,Event
düğünümüz,NOUN-INANIM-EVT,Noun,Inanimate,Event
düğününüz,NOUN-INANIM-EVT,Noun,Inanimate,Event
düğünleri,NOUN-INANIM-EVT,Noun,Inanimate,Event
kalemim,NOUN-INANIM-OBJECT,Noun,Inanimate,Object
kalemin,NOUN-INANIM-OBJECT,Noun,Inanimate,Object
kalemi,NOUN-INANIM-OBJECT,Noun,Inanimate,Object
kalemimiz,NOUN-INANIM-OBJECT,Noun,Inanimate,Object
kaleminiz,NOUN-INANIM-OBJECT,Noun,Inanimate,Object
kalemleri,NOUN-INANIM-OBJECT,Noun,Inanimate,Object
düğünüm,NOUN-INANIM-EVT,Noun,Inanimate,Event
düğünün,NOUN-INANIM-EVT,Noun,Inanimate,Event
düğünü,NOUN-INANIM-EVT,Noun,Inanimate,Event
düğünümüz,NOUN-INANIM-EVT,Noun,Inanimate,Event
düğününüz,NOUN-INANIM-EVT,Noun,Inanimate,Event
düğünleri,NOUN-INANIM-EVT,Noun,Inanimate,Event
törenim,NOUN-INANIM-EVT,Noun,Inanimate,Event
törenin,NOUN-INANIM-EVT,Noun,Inanimate,Event
töreni,NOUN-INANIM-EVT,Noun,Inanimate,Event
törenimiz,NOUN-INANIM-EVT,Noun,Inanimate,Event
töreniniz,NOUN-INANIM-EVT,Noun,Inanimate,Event
törenleri,NOUN-INANIM-EVT,Noun,Inanimate,Event
tilkim,NOUN-ANIM,Noun,Animate,Animate
tilkin,NOUN-ANIM,Noun,Animate,Animate
tilkisi,NOUN-ANIM,Noun,Animate,Animate
tilkimiz,NOUN-ANIM,Noun,Animate,Animate
tilkiniz,NOUN-ANIM,Noun,Animate,Animate
tilkisi,NOUN-ANIM,Noun,Animate,Animate
baykuşum,NOUN-ANIM,Noun,Animate,Animate
baykuşun,NOUN-ANIM,Noun,Animate,Animate
baykuşu,NOUN-ANIM,Noun,Animate,Animate
baykuşumuz,NOUN-ANIM,Noun,Animate,Animate
baykuşunuz,NOUN-ANIM,Noun,Animate,Animate
baykuşları,NOUN-ANIM,Noun,Animate,Animate
çatalım,NOUN-INANIM-OBJECT,Noun,Inanimate,Object
çatalın,NOUN-INANIM-OBJECT,Noun,Inanimate,Object
çatalı,NOUN-INANIM-OBJECT,Noun,Inanimate,Object
çatalımız,NOUN-INANIM-OBJECT,Noun,Inanimate,Object
çatalınız,NOUN-INANIM-OBJECT,Noun,Inanimate,Object
çatalları,NOUN-INANIM-OBJECT,Noun,Inanimate,Object
şemsiyem,NOUN-INANIM-OBJECT,Noun,Inanimate,Object
şemsiyen,NOUN-INANIM-OBJECT,Noun,Inanimate,Object
şemsiyesi,NOUN-INANIM-OBJECT,Noun,Inanimate,Object
şemsiyemiz,NOUN-INANIM-OBJECT,Noun,Inanimate,Object
şemsiyeniz,NOUN-INANIM-OBJECT,Noun,Inanimate,Object
şemsiyesi,NOUN-INANIM-OBJECT,Noun,Inanimate,Object
sineğim,NOUN-ANIM,Noun,Animate,Animate
sineğin,NOUN-ANIM,Noun,Animate,Animate
sineği,NOUN-ANIM,Noun,Animate,Animate
sineğimiz,NOUN-ANIM,Noun,Animate,Animate
sineğiniz,NOUN-ANIM,Noun,Animate,Animate
sineğleri,NOUN-ANIM,Noun,Animate,Animate
kediler,NOUN-ANIM,Noun,Animate,Animate
bıçaklar,NOUN-INANIM-OBJECT,Noun,Inanimate,Object
kartallar,NOUN-ANIM,Noun,Animate,Animate
aynalar,NOUN-INANIM-OBJECT,Noun,Inanimate,Object
anahtarlar,NOUN-INANIM-OBJECT,Noun,Inanimate,Object
telefonlar,NOUN-INANIM-OBJECT,Noun,Inanimate,Object
toplantılar,NOUN-INANIM-EVT,Noun,Inanimate,Event
baykuşlar,NOUN-ANIM,Noun,Animate,Animate
gösteriler,NOUN-INANIM-EVT,Noun,Inanimate,Event
ayılar,NOUN-ANIM,Noun,Animate,Animate
karıncalar,NOUN-ANIM,Noun,Animate,Animate
tatiller,NOUN-INANIM-EVT,Noun,Inanimate,Event
balıklar,NOUN-ANIM,Noun,Animate,Animate
tatiller,NOUN-INANIM-EVT,Noun,Inanimate,Event
köpekler,NOUN-ANIM,Noun,Animate,Animate
ceketler,NOUN-INANIM-OBJECT,Noun,Inanimate,Object
tilkiler,NOUN-ANIM,Noun,Animate,Animate
toplantılar,NOUN-INANIM-EVT,Noun,Inanimate,Event
kurtlar,NOUN-ANIM,Noun,Animate,Animate
kaşıklar,NOUN-INANIM-OBJECT,Noun,Inanimate,Object
eşekler,NOUN-ANIM,Noun,Animate,Animate
eşekler,NOUN-ANIM,Noun,Animate,Animate
maymunlar,NOUN-ANIM,Noun,Animate,Animate
penguenler,NOUN-ANIM,Noun,Animate,Animate
cenazeler,NOUN-INANIM-EVT,Noun,Inanimate,Event
geziler,NOUN-INANIM-EVT,Noun,Inanimate,Event
ziyaretler,NOUN-INANIM-EVT,Noun,Inanimate,Event
nişanlar,NOUN-INANIM-EVT,Noun,Inanimate,Event
atlar,NOUN-ANIM,Noun,Animate,Animate
ayakkabılar,NOUN-INANIM-OBJECT,Noun,Inanimate,Object
güvercinler,NOUN-ANIM,Noun,Animate,Animate
aslanlar,NOUN-ANIM,Noun,Animate,Animate
koyunlar,NOUN-ANIM,Noun,Animate,Animate
cenazeler,NOUN-INANIM-EVT,Noun,Inanimate,Event
açılışlar,NOUN-INANIM-EVT,Noun,Inanimate,Event
kulaklıklar,NOUN-INANIM-OBJECT,Noun,Inanimate,Object
tilkiler,NOUN-ANIM,Noun,Animate,Animate
perdeler,NOUN-INANIM-OBJECT,Noun,Inanimate,Object
güvercinler,NOUN-ANIM,Noun,Animate,Animate
nişanlar,NOUN-INANIM-EVT,Noun,Inanimate,Event
açılışlar,NOUN-INANIM-EVT,Noun,Inanimate,Event
sandalyeler,NOUN-INANIM-OBJECT,Noun,Inanimate,Object
sinekler,NOUN-ANIM,Noun,Animate,Animate
kitaplar,NOUN-INANIM-OBJECT,Noun,Inanimate,Object
perdeler,NOUN-INANIM-OBJECT,Noun,Inanimate,Object
aynalar,NOUN-INANIM-OBJECT,Noun,Inanimate,Object
yarışmalar,NOUN-INANIM-EVT,Noun,Inanimate,Event
tatiller,NOUN-INANIM-EVT,Noun,Inanimate,Event
sabunlar,NOUN-INANIM-OBJECT,Noun,Inanimate,Object
sergiler,NOUN-INANIM-EVT,Noun,Inanimate,Event
çantalar,NOUN-INANIM-OBJECT,Noun,Inanimate,Object
lambalar,NOUN-INANIM-OBJECT,Noun,Inanimate,Object
paneller,NOUN-INANIM-EVT,Noun,Inanimate,Event
partiler,NOUN-INANIM-EVT,Noun,Inanimate,Event
filler,NOUN-ANIM,Noun,Animate,Animate
ceketler,NOUN-INANIM-OBJECT,Noun,Inanimate,Object
anahtarlar,NOUN-INANIM-OBJECT,Noun,Inanimate,Object
geziler,NOUN-INANIM-EVT,Noun,Inanimate,Event
aynalar,NOUN-INANIM-OBJECT,Noun,Inanimate,Object
inekler,NOUN-ANIM,Noun,Animate,Animate
masalar,NOUN-INANIM-OBJECT,Noun,Inanimate,Object
balıklar,NOUN-ANIM,Noun,Animate,Animate
sinekler,NOUN-ANIM,Noun,Animate,Animate
kartallar,NOUN-ANIM,Noun,Animate,Animate
serçeler,NOUN-ANIM,Noun,Animate,Animate
serçeler,NOUN-ANIM,Noun,Animate,Animate
sandalyeler,NOUN-INANIM-OBJECT,Noun,Inanimate,Object
kediler,NOUN-ANIM,Noun,Animate,Animate
açılışlar,NOUN-INANIM-EVT,Noun,Inanimate,Event
kaşıklar,NOUN-INANIM-OBJECT,Noun,Inanimate,Object
geziler,NOUN-INANIM-EVT,Noun,Inanimate,Event
pantolonlar,NOUN-INANIM-OBJECT,Noun,Inanimate,Object
balıklar,NOUN-ANIM,Noun,Animate,Animate
gözlükler,NOUN-INANIM-OBJECT,Noun,Inanimate,Object
inekler,NOUN-ANIM,Noun,Animate,Animate
kartallar,NOUN-ANIM,Noun,Animate,Animate
radyolar,NOUN-INANIM-OBJECT,Noun,Inanimate,Object
televizyonlar,NOUN-INANIM-OBJECT,Noun,Inanimate,Object
baykuşlar,NOUN-ANIM,Noun,Animate,Animate
insanlar,NOUN-ANIM,Noun,Animate,Animate
televizyonlar,NOUN-INANIM-OBJECT,Noun,Inanimate,Object
doğum günüler,NOUN-INANIM-EVT,Noun,Inanimate,Event
aslanlar,NOUN-ANIM,Noun,Animate,Animate
şapkalar,NOUN-INANIM-OBJECT,Noun,Inanimate,Object
düğünler,NOUN-INANIM-EVT,Noun,Inanimate,Event
kurtlar,NOUN-ANIM,Noun,Animate,Animate
ayakkabılar,NOUN-INANIM-OBJECT,Noun,Inanimate,Object
saatlar,NOUN-INANIM-OBJECT,Noun,Inanimate,Object
kameralar,NOUN-INANIM-OBJECT,Noun,Inanimate,Object
yastıklar,NOUN-INANIM-OBJECT,Noun,Inanimate,Object
yılanlar,NOUN-ANIM,Noun,Animate,Animate
tilkiler,NOUN-ANIM,Noun,Animate,Animate
halılar,NOUN-INANIM-OBJECT,Noun,Inanimate,Object
dersler,NOUN-INANIM-EVT,Noun,Inanimate,Event
arılar,NOUN-ANIM,Noun,Animate,Animate
şemsiyeler,NOUN-INANIM-OBJECT,Noun,Inanimate,Object
kitaplar,NOUN-INANIM-OBJECT,Noun,Inanimate,Object
kapanışlar,NOUN-INANIM-EVT,Noun,Inanimate,Event
kaplanlar,NOUN-ANIM,Noun,Animate,Animate
tabaklar,NOUN-INANIM-OBJECT,Noun,Inanimate,Object
etkinlikler,NOUN-INANIM-EVT,Noun,Inanimate,Event
kurbağalar,NOUN-ANIM,Noun,Animate,Animate
cenazeler,NOUN-INANIM-EVT,Noun,Inanimate,Event
kuşlar,NOUN-ANIM,Noun,Animate,Animate
eşekler,NOUN-ANIM,Noun,Animate,Animate
telefonlar,NOUN-INANIM-OBJECT,Noun,Inanimate,Object
tabaklar,NOUN-INANIM-OBJECT,Noun,Inanimate,Object
yılanlar,NOUN-ANIM,Noun,Animate,Animate
zürafalar,NOUN-ANIM,Noun,Animate,Animate
inekler,NOUN-ANIM,Noun,Animate,Animate
konserler,NOUN-INANIM-EVT,Noun,Inanimate,Event
kaplumbağalar,NOUN-ANIM,Noun,Animate,Animate
kartallar,NOUN-ANIM,Noun,Animate,Animate
balıklar,NOUN-ANIM,Noun,Animate,Animate
anahtarlar,NOUN-INANIM-OBJECT,Noun,Inanimate,Object
kitaplar,NOUN-INANIM-OBJECT,Noun,Inanimate,Object
yılanlar,NOUN-ANIM,Noun,Animate,Animate
geziler,NOUN-INANIM-EVT,Noun,Inanimate,Event
pencereler,NOUN-INANIM-OBJECT,Noun,Inanimate,Object
kalemler,NOUN-INANIM-OBJECT,Noun,Inanimate,Object
cüzdanlar,NOUN-INANIM-OBJECT,Noun,Inanimate,Object
kelebekler,NOUN-ANIM,Noun,Animate,Animate
etkinlikler,NOUN-INANIM-EVT,Noun,Inanimate,Event
bilgisayarlar,NOUN-INANIM-OBJECT,Noun,Inanimate,Object
sinekler,NOUN-ANIM,Noun,Animate,Animate
yastıklar,NOUN-INANIM-OBJECT,Noun,Inanimate,Object
eşekler,NOUN-ANIM,Noun,Animate,Animate
pantolonlar,NOUN-INANIM-OBJECT,Noun,Inanimate,Object
masalar,NOUN-INANIM-OBJECT,Noun,Inanimate,Object
şemsiyeler,NOUN-INANIM-OBJECT,Noun,Inanimate,Object
kaplumbağalar,NOUN-ANIM,Noun,Animate,Animate
düğünler,NOUN-INANIM-EVT,Noun,Inanimate,Event
ayılar,NOUN-ANIM,Noun,Animate,Animate
cenazeler,NOUN-INANIM-EVT,Noun,Inanimate,Event
etkinlikler,NOUN-INANIM-EVT,Noun,Inanimate,Event
tavşanlar,NOUN-ANIM,Noun,Animate,Animate
partiler,NOUN-INANIM-EVT,Noun,Inanimate,Event
etkinlikler,NOUN-INANIM-EVT,Noun,Inanimate,Event
gösteriler,NOUN-INANIM-EVT,Noun,Inanimate,Event
çantalar,NOUN-INANIM-OBJECT,Noun,Inanimate,Object
gözlükler,NOUN-INANIM-OBJECT,Noun,Inanimate,Object
kalemler,NOUN-INANIM-OBJECT,Noun,Inanimate,Object
eşekler,NOUN-ANIM,Noun,Animate,Animate
pantolonlar,NOUN-INANIM-OBJECT,Noun,Inanimate,Object
toplantılar,NOUN-INANIM-EVT,Noun,Inanimate,Event
kediler,NOUN-ANIM,Noun,Animate,Animate
gösterimler,NOUN-INANIM-EVT,Noun,Inanimate,Event
mezuniyetler,NOUN-INANIM-EVT,Noun,Inanimate,Event
pantolonlar,NOUN-INANIM-OBJECT,Noun,Inanimate,Object
halılar,NOUN-INANIM-OBJECT,Noun,Inanimate,Object
tabaklar,NOUN-INANIM-OBJECT,Noun,Inanimate,Object
arılar,NOUN-ANIM,Noun,Animate,Animate
atlar,NOUN-ANIM,Noun,Animate,Animate
aslanlar,NOUN-ANIM,Noun,Animate,Animate
maymunlar,NOUN-ANIM,Noun,Animate,Animate
bayramlar,NOUN-INANIM-EVT,Noun,Inanimate,Event
tabaklar,NOUN-INANIM-OBJECT,Noun,Inanimate,Object
perdeler,NOUN-INANIM-OBJECT,Noun,Inanimate,Object
kameralar,NOUN-INANIM-OBJECT,Noun,Inanimate,Object
seyahatlar,NOUN-INANIM-EVT,Noun,Inanimate,Event
toplantılar,NOUN-INANIM-EVT,Noun,Inanimate,Event
yılanlar,NOUN-ANIM,Noun,Animate,Animate
şapkalar,NOUN-INANIM-OBJECT,Noun,Inanimate,Object
partiler,NOUN-INANIM-EVT,Noun,Inanimate,Event
kaşıklar,NOUN-INANIM-OBJECT,Noun,Inanimate,Object
konferanslar,NOUN-INANIM-EVT,Noun,Inanimate,Event
ayılar,NOUN-ANIM,Noun,Animate,Animate
nişanlar,NOUN-INANIM-EVT,Noun,Inanimate,Event
bilgisayarlar,NOUN-INANIM-OBJECT,Noun,Inanimate,Object
sergiler,NOUN-INANIM-EVT,Noun,Inanimate,Event
maçlar,NOUN-INANIM-EVT,Noun,Inanimate,Event
kapanışlar,NOUN-INANIM-EVT,Noun,Inanimate,Event
kapanışlar,NOUN-INANIM-EVT,Noun,Inanimate,Event
kurtlar,NOUN-ANIM,Noun,Animate,Animate
kaplumbağalar,NOUN-ANIM,Noun,Animate,Animate
pantolonlar,NOUN-INANIM-OBJECT,Noun,Inanimate,Object
paneller,NOUN-INANIM-EVT,Noun,Inanimate,Event
arılar,NOUN-ANIM,Noun,Animate,Animate
cenazeler,NOUN-INANIM-EVT,Noun,Inanimate,Event
cenazeler,NOUN-INANIM-EVT,Noun,Inanimate,Event
gömlekler,NOUN-INANIM-OBJECT,Noun,Inanimate,Object
gösterimler,NOUN-INANIM-EVT,Noun,Inanimate,Event
pantolonlar,NOUN-INANIM-OBJECT,Noun,Inanimate,Object
kediler,NOUN-ANIM,Noun,Animate,Animate
kurtlar,NOUN-ANIM,Noun,Animate,Animate
anahtarlar,NOUN-INANIM-OBJECT,Noun,Inanimate,Object
tatiller,NOUN-INANIM-EVT,Noun,Inanimate,Event
konserler,NOUN-INANIM-EVT,Noun,Inanimate,Event
kaşıklar,NOUN-INANIM-OBJECT,Noun,Inanimate,Object
gösteriler,NOUN-INANIM-EVT,Noun,Inanimate,Event
seyahatlar,NOUN-INANIM-EVT,Noun,Inanimate,Event
düğünler,NOUN-INANIM-EVT,Noun,Inanimate,Event
kalemler,NOUN-INANIM-OBJECT,Noun,Inanimate,Object
düğünler,NOUN-INANIM-EVT,Noun,Inanimate,Event
törenler,NOUN-INANIM-EVT,Noun,Inanimate,Event
tilkiler,NOUN-ANIM,Noun,Animate,Animate
baykuşlar,NOUN-ANIM,Noun,Animate,Animate
çatallar,NOUN-INANIM-OBJECT,Noun,Inanimate,Object
şemsiyeler,NOUN-INANIM-OBJECT,Noun,Inanimate,Object
sinekler,NOUN-ANIM,Noun,Animate,Animate
kedi,NOUN-ANIM,Noun,Animate,Animate
bıçak,NOUN-INANIM-OBJECT,Noun,Inanimate,Object
kartal,NOUN-ANIM,Noun,Animate,Animate
ayna,NOUN-INANIM-OBJECT,Noun,Inanimate,Object
anahtar,NOUN-INANIM-OBJECT,Noun,Inanimate,Object
telefon,NOUN-INANIM-OBJECT,Noun,Inanimate,Object
toplantı,NOUN-INANIM-EVT,Noun,Inanimate,Event
baykuş,NOUN-ANIM,Noun,Animate,Animate
gösteri,NOUN-INANIM-EVT,Noun,Inanimate,Event
ayı,NOUN-ANIM,Noun,Animate,Animate
karınca,NOUN-ANIM,Noun,Animate,Animate
tatil,NOUN-INANIM-EVT,Noun,Inanimate,Event
balık,NOUN-ANIM,Noun,Animate,Animate
tatil,NOUN-INANIM-EVT,Noun,Inanimate,Event
köpek,NOUN-ANIM,Noun,Animate,Animate
ceket,NOUN-INANIM-OBJECT,Noun,Inanimate,Object
tilki,NOUN-ANIM,Noun,Animate,Animate
toplantı,NOUN-INANIM-EVT,Noun,Inanimate,Event
kurt,NOUN-ANIM,Noun,Animate,Animate
kaşık,NOUN-INANIM-OBJECT,Noun,Inanimate,Object
eşek,NOUN-ANIM,Noun,Animate,Animate
eşek,NOUN-ANIM,Noun,Animate,Animate
maymun,NOUN-ANIM,Noun,Animate,Animate
penguen,NOUN-ANIM,Noun,Animate,Animate
cenaze,NOUN-INANIM-EVT,Noun,Inanimate,Event
gezi,NOUN-INANIM-EVT,Noun,Inanimate,Event
ziyaret,NOUN-INANIM-EVT,Noun,Inanimate,Event
nişan,NOUN-INANIM-EVT,Noun,Inanimate,Event
at,NOUN-ANIM,Noun,Animate,Animate
ayakkabı,NOUN-INANIM-OBJECT,Noun,Inanimate,Object
güvercin,NOUN-ANIM,Noun,Animate,Animate
aslan,NOUN-ANIM,Noun,Animate,Animate
koyun,NOUN-ANIM,Noun,Animate,Animate
cenaze,NOUN-INANIM-EVT,Noun,Inanimate,Event
açılış,NOUN-INANIM-EVT,Noun,Inanimate,Event
kulaklık,NOUN-INANIM-OBJECT,Noun,Inanimate,Object
tilki,NOUN-ANIM,Noun,Animate,Animate
perde,NOUN-INANIM-OBJECT,Noun,Inanimate,Object
güvercin,NOUN-ANIM,Noun,Animate,Animate
nişan,NOUN-INANIM-EVT,Noun,Inanimate,Event
açılış,NOUN-INANIM-EVT,Noun,Inanimate,Event
sandalye,NOUN-INANIM-OBJECT,Noun,Inanimate,Object
sinek,NOUN-ANIM,Noun,Animate,Animate
kitap,NOUN-INANIM-OBJECT,Noun,Inanimate,Object
perde,NOUN-INANIM-OBJECT,Noun,Inanimate,Object
ayna,NOUN-INANIM-OBJECT,Noun,Inanimate,Object
yarışma,NOUN-INANIM-EVT,Noun,Inanimate,Event
tatil,NOUN-INANIM-EVT,Noun,Inanimate,Event
sabun,NOUN-INANIM-OBJECT,Noun,Inanimate,Object
sergi,NOUN-INANIM-EVT,Noun,Inanimate,Event
çanta,NOUN-INANIM-OBJECT,Noun,Inanimate,Object
lamba,NOUN-INANIM-OBJECT,Noun,Inanimate,Object
panel,NOUN-INANIM-EVT,Noun,Inanimate,Event
parti,NOUN-INANIM-EVT,Noun,Inanimate,Event
fil,NOUN-ANIM,Noun,Animate,Animate
ceket,NOUN-INANIM-OBJECT,Noun,Inanimate,Object
anahtar,NOUN-INANIM-OBJECT,Noun,Inanimate,Object
gezi,NOUN-INANIM-EVT,Noun,Inanimate,Event
ayna,NOUN-INANIM-OBJECT,Noun,Inanimate,Object
inek,NOUN-ANIM,Noun,Animate,Animate
masa,NOUN-INANIM-OBJECT,Noun,Inanimate,Object
balık,NOUN-ANIM,Noun,Animate,Animate
sinek,NOUN-ANIM,Noun,Animate,Animate
kartal,NOUN-ANIM,Noun,Animate,Animate
serçe,NOUN-ANIM,Noun,Animate,Animate
serçe,NOUN-ANIM,Noun,Animate,Animate
sandalye,NOUN-INANIM-OBJECT,Noun,Inanimate,Object
kedi,NOUN-ANIM,Noun,Animate,Animate
açılış,NOUN-INANIM-EVT,Noun,Inanimate,Event
kaşık,NOUN-INANIM-OBJECT,Noun,Inanimate,Object
gezi,NOUN-INANIM-EVT,Noun,Inanimate,Event
pantolon,NOUN-INANIM-OBJECT,Noun,Inanimate,Object
balık,NOUN-ANIM,Noun,Animate,Animate
gözlük,NOUN-INANIM-OBJECT,Noun,Inanimate,Object
inek,NOUN-ANIM,Noun,Animate,Animate
kartal,NOUN-ANIM,Noun,Animate,Animate
radyo,NOUN-INANIM-OBJECT,Noun,Inanimate,Object
televizyon,NOUN-INANIM-OBJECT,Noun,Inanimate,Object
baykuş,NOUN-ANIM,Noun,Animate,Animate
insan,NOUN-ANIM,Noun,Animate,Animate
televizyon,NOUN-INANIM-OBJECT,Noun,Inanimate,Object
doğum günü,NOUN-INANIM-EVT,Noun,Inanimate,Event
aslan,NOUN-ANIM,Noun,Animate,Animate
şapka,NOUN-INANIM-OBJECT,Noun,Inanimate,Object
düğün,NOUN-INANIM-EVT,Noun,Inanimate,Event
kurt,NOUN-ANIM,Noun,Animate,Animate
ayakkabı,NOUN-INANIM-OBJECT,Noun,Inanimate,Object
saat,NOUN-INANIM-OBJECT,Noun,Inanimate,Object
kamera,NOUN-INANIM-OBJECT,Noun,Inanimate,Object
yastık,NOUN-INANIM-OBJECT,Noun,Inanimate,Object
yılan,NOUN-ANIM,Noun,Animate,Animate
tilki,NOUN-ANIM,Noun,Animate,Animate
halı,NOUN-INANIM-OBJECT,Noun,Inanimate,Object
ders,NOUN-INANIM-EVT,Noun,Inanimate,Event
arı,NOUN-ANIM,Noun,Animate,Animate
şemsiye,NOUN-INANIM-OBJECT,Noun,Inanimate,Object
kitap,NOUN-INANIM-OBJECT,Noun,Inanimate,Object
kapanış,NOUN-INANIM-EVT,Noun,Inanimate,Event
kaplan,NOUN-ANIM,Noun,Animate,Animate
tabak,NOUN-INANIM-OBJECT,Noun,Inanimate,Object
etkinlik,NOUN-INANIM-EVT,Noun,Inanimate,Event
kurbağa,NOUN-ANIM,Noun,Animate,Animate
cenaze,NOUN-INANIM-EVT,Noun,Inanimate,Event
kuş,NOUN-ANIM,Noun,Animate,Animate
eşek,NOUN-ANIM,Noun,Animate,Animate
telefon,NOUN-INANIM-OBJECT,Noun,Inanimate,Object
tabak,NOUN-INANIM-OBJECT,Noun,Inanimate,Object
yılan,NOUN-ANIM,Noun,Animate,Animate
zürafa,NOUN-ANIM,Noun,Animate,Animate
inek,NOUN-ANIM,Noun,Animate,Animate
konser,NOUN-INANIM-EVT,Noun,Inanimate,Event
kaplumbağa,NOUN-ANIM,Noun,Animate,Animate
kartal,NOUN-ANIM,Noun,Animate,Animate
balık,NOUN-ANIM,Noun,Animate,Animate
anahtar,NOUN-INANIM-OBJECT,Noun,Inanimate,Object
kitap,NOUN-INANIM-OBJECT,Noun,Inanimate,Object
yılan,NOUN-ANIM,Noun,Animate,Animate
gezi,NOUN-INANIM-EVT,Noun,Inanimate,Event
pencere,NOUN-INANIM-OBJECT,Noun,Inanimate,Object
kalem,NOUN-INANIM-OBJECT,Noun,Inanimate,Object
cüzdan,NOUN-INANIM-OBJECT,Noun,Inanimate,Object
kelebek,NOUN-ANIM,Noun,Animate,Animate
etkinlik,NOUN-INANIM-EVT,Noun,Inanimate,Event
bilgisayar,NOUN-INANIM-OBJECT,Noun,Inanimate,Object
sinek,NOUN-ANIM,Noun,Animate,Animate
yastık,NOUN-INANIM-OBJECT,Noun,Inanimate,Object
eşek,NOUN-ANIM,Noun,Animate,Animate
pantolon,NOUN-INANIM-OBJECT,Noun,Inanimate,Object
masa,NOUN-INANIM-OBJECT,Noun,Inanimate,Object
şemsiye,NOUN-INANIM-OBJECT,Noun,Inanimate,Object
kaplumbağa,NOUN-ANIM,Noun,Animate,Animate
düğün,NOUN-INANIM-EVT,Noun,Inanimate,Event
ayı,NOUN-ANIM,Noun,Animate,Animate
cenaze,NOUN-INANIM-EVT,Noun,Inanimate,Event
etkinlik,NOUN-INANIM-EVT,Noun,Inanimate,Event
tavşan,NOUN-ANIM,Noun,Animate,Animate
parti,NOUN-INANIM-EVT,Noun,Inanimate,Event
etkinlik,NOUN-INANIM-EVT,Noun,Inanimate,Event
gösteri,NOUN-INANIM-EVT,Noun,Inanimate,Event
çanta,NOUN-INANIM-OBJECT,Noun,Inanimate,Object
gözlük,NOUN-INANIM-OBJECT,Noun,Inanimate,Object
kalem,NOUN-INANIM-OBJECT,Noun,Inanimate,Object
eşek,NOUN-ANIM,Noun,Animate,Animate
pantolon,NOUN-INANIM-OBJECT,Noun,Inanimate,Object
toplantı,NOUN-INANIM-EVT,Noun,Inanimate,Event
kedi,NOUN-ANIM,Noun,Animate,Animate
gösterim,NOUN-INANIM-EVT,Noun,Inanimate,Event
mezuniyet,NOUN-INANIM-EVT,Noun,Inanimate,Event
pantolon,NOUN-INANIM-OBJECT,Noun,Inanimate,Object
halı,NOUN-INANIM-OBJECT,Noun,Inanimate,Object
tabak,NOUN-INANIM-OBJECT,Noun,Inanimate,Object
arı,NOUN-ANIM,Noun,Animate,Animate
at,NOUN-ANIM,Noun,Animate,Animate
aslan,NOUN-ANIM,Noun,Animate,Animate
maymun,NOUN-ANIM,Noun,Animate,Animate
bayram,NOUN-INANIM-EVT,Noun,Inanimate,Event
tabak,NOUN-INANIM-OBJECT,Noun,Inanimate,Object
perde,NOUN-INANIM-OBJECT,Noun,Inanimate,Object
kamera,NOUN-INANIM-OBJECT,Noun,Inanimate,Object
seyahat,NOUN-INANIM-EVT,Noun,Inanimate,Event
toplantı,NOUN-INANIM-EVT,Noun,Inanimate,Event
yılan,NOUN-ANIM,Noun,Animate,Animate
şapka,NOUN-INANIM-OBJECT,Noun,Inanimate,Object
parti,NOUN-INANIM-EVT,Noun,Inanimate,Event
kaşık,NOUN-INANIM-OBJECT,Noun,Inanimate,Object
konferans,NOUN-INANIM-EVT,Noun,Inanimate,Event
ayı,NOUN-ANIM,Noun,Animate,Animate
nişan,NOUN-INANIM-EVT,Noun,Inanimate,Event
bilgisayar,NOUN-INANIM-OBJECT,Noun,Inanimate,Object
sergi,NOUN-INANIM-EVT,Noun,Inanimate,Event
maç,NOUN-INANIM-EVT,Noun,Inanimate,Event
kapanış,NOUN-INANIM-EVT,Noun,Inanimate,Event
kapanış,NOUN-INANIM-EVT,Noun,Inanimate,Event
kurt,NOUN-ANIM,Noun,Animate,Animate
kaplumbağa,NOUN-ANIM,Noun,Animate,Animate
pantolon,NOUN-INANIM-OBJECT,Noun,Inanimate,Object
panel,NOUN-INANIM-EVT,Noun,Inanimate,Event
arı,NOUN-ANIM,Noun,Animate,Animate
cenaze,NOUN-INANIM-EVT,Noun,Inanimate,Event
cenaze,NOUN-INANIM-EVT,Noun,Inanimate,Event
gömlek,NOUN-INANIM-OBJECT,Noun,Inanimate,Object
gösterim,NOUN-INANIM-EVT,Noun,Inanimate,Event
pantolon,NOUN-INANIM-OBJECT,Noun,Inanimate,Object
kedi,NOUN-ANIM,Noun,Animate,Animate
kurt,NOUN-ANIM,Noun,Animate,Animate
anahtar,NOUN-INANIM-OBJECT,Noun,Inanimate,Object
tatil,NOUN-INANIM-EVT,Noun,Inanimate,Event
konser,NOUN-INANIM-EVT,Noun,Inanimate,Event
kaşık,NOUN-INANIM-OBJECT,Noun,Inanimate,Object
gösteri,NOUN-INANIM-EVT,Noun,Inanimate,Event
seyahat,NOUN-INANIM-EVT,Noun,Inanimate,Event
düğün,NOUN-INANIM-EVT,Noun,Inanimate,Event
kalem,NOUN-INANIM-OBJECT,Noun,Inanimate,Object
düğün,NOUN-INANIM-EVT,Noun,Inanimate,Event
tören,NOUN-INANIM-EVT,Noun,Inanimate,Event
tilki,NOUN-ANIM,Noun,Animate,Animate
baykuş,NOUN-ANIM,Noun,Animate,Animate
çatal,NOUN-INANIM-OBJECT,Noun,Inanimate,Object
şemsiye,NOUN-INANIM-OBJECT,Noun,Inanimate,Object
sinek,NOUN-ANIM,Noun,Animate,Animate
altın,ADJ-INT-COLOR,Adjective,Intersective,Color
geniş,ADJ-INT-SHAPE,Adjective,Intersective,Shape
ipek,ADJ-INT-MAT,Adjective,Intersective,Material
dar,ADJ-NINT-SIZE,Adjective,Non-intersective,Size
yetişkin,ADJ-NINT-AGE,Adjective,Non-intersective,Age
yumuşak,ADJ-NINT-QUAL,Adjective,Non-intersective,Qualifier
altın,ADJ-INT-COLOR,Adjective,Intersective,Color
kısa,ADJ-INT-SHAPE,Adjective,Intersective,Shape
yünlü,ADJ-INT-MAT,Adjective,Intersective,Material
dar,ADJ-NINT-SIZE,Adjective,Non-intersective,Size
bayat,ADJ-NINT-AGE,Adjective,Non-intersective,Age
cesur,ADJ-NINT-QUAL,Adjective,Non-intersective,Qualifier
krem,ADJ-INT-COLOR,Adjective,Intersective,Color
üçgen,ADJ-INT-SHAPE,Adjective,Intersective,Shape
taş,ADJ-INT-MAT,Adjective,Intersective,Material
kocaman,ADJ-NINT-SIZE,Adjective,Non-intersective,Size
kadim,ADJ-NINT-AGE,Adjective,Non-intersective,Age
kirli,ADJ-NINT-QUAL,Adjective,Non-intersective,Qualifier
bej,ADJ-INT-COLOR,Adjective,Intersective,Color
düz,ADJ-INT-SHAPE,Adjective,Intersective,Shape
demir,ADJ-INT-MAT,Adjective,Intersective,Material
ufak,ADJ-NINT-SIZE,Adjective,Non-intersective,Size
ihtiyar,ADJ-NINT-AGE,Adjective,Non-intersective,Age
komik,ADJ-NINT-QUAL,Adjective,Non-intersective,Qualifier
sarı,ADJ-INT-COLOR,Adjective,Intersective,Color
derin,ADJ-INT-SHAPE,Adjective,Intersective,Shape
bakır,ADJ-INT-MAT,Adjective,Intersective,Material
iri,ADJ-NINT-SIZE,Adjective,Non-intersective,Size
tarihi,ADJ-NINT-AGE,Adjective,Non-intersective,Age
ciddi,ADJ-NINT-QUAL,Adjective,Non-intersective,Qualifier
kahverengi,ADJ-INT-COLOR,Adjective,Intersective,Color
dikdörtgen,ADJ-INT-SHAPE,Adjective,Intersective,Shape
demir,ADJ-INT-MAT,Adjective,Intersective,Material
iri,ADJ-NINT-SIZE,Adjective,Non-intersective,Size
yeni,ADJ-NINT-AGE,Adjective,Non-intersective,Age
yavaş,ADJ-NINT-QUAL,Adjective,Non-intersective,Qualifier
mavi,ADJ-INT-COLOR,Adjective,Intersective,Color
kalın,ADJ-INT-SHAPE,Adjective,Intersective,Shape
taş,ADJ-INT-MAT,Adjective,Intersective,Material
yüksek,ADJ-NINT-SIZE,Adjective,Non-intersective,Size
çocuksu,ADJ-NINT-AGE,Adjective,Non-intersective,Age
ekşi,ADJ-NINT-QUAL,Adjective,Non-intersective,Qualifier
yeşil,ADJ-INT-COLOR,Adjective,Intersective,Color
üçgen,ADJ-INT-SHAPE,Adjective,Intersective,Shape
yünlü,ADJ-INT-MAT,Adjective,Intersective,Material
dev,ADJ-NINT-SIZE,Adjective,Non-intersective,Size
bayat,ADJ-NINT-AGE,Adjective,Non-intersective,Age
hafif,ADJ-NINT-QUAL,Adjective,Non-intersective,Qualifier
gümüş,ADJ-INT-COLOR,Adjective,Intersective,Color
eğri,ADJ-INT-SHAPE,Adjective,Intersective,Shape
kağıt,ADJ-INT-MAT,Adjective,Intersective,Material
kocaman,ADJ-NINT-SIZE,Adjective,Non-intersective,Size
yavru,ADJ-NINT-AGE,Adjective,Non-intersective,Age
kaba,ADJ-NINT-QUAL,Adjective,Non-intersective,Qualifier
turkuaz,ADJ-INT-COLOR,Adjective,Intersective,Color
yassı,ADJ-INT-SHAPE,Adjective,Intersective,Shape
metal,ADJ-INT-MAT,Adjective,Intersective,Material
uzun,ADJ-NINT-SIZE,Adjective,Non-intersective,Size
yeni,ADJ-NINT-AGE,Adjective,Non-intersective,Age
nazik,ADJ-NINT-QUAL,Adjective,Non-intersective,Qualifier
kahverengi,ADJ-INT-COLOR,Adjective,Intersective,Color
üçgen,ADJ-INT-SHAPE,Adjective,Intersective,Shape
pamuklu,ADJ-INT-MAT,Adjective,Intersective,Material
dar,ADJ-NINT-SIZE,Adjective,Non-intersective,Size
eski,ADJ-NINT-AGE,Adjective,Non-intersective,Age
güçlü,ADJ-NINT-QUAL,Adjective,Non-intersective,Qualifier
gümüş,ADJ-INT-COLOR,Adjective,Intersective,Color
oval,ADJ-INT-SHAPE,Adjective,Intersective,Shape
kağıt,ADJ-INT-MAT,Adjective,Intersective,Material
uzun,ADJ-NINT-SIZE,Adjective,Non-intersective,Size
yeni,ADJ-NINT-AGE,Adjective,Non-intersective,Age
alçak,ADJ-NINT-QUAL,Adjective,Non-intersective,Qualifier
kahverengi,ADJ-INT-COLOR,Adjective,Intersective,Color
keskin,ADJ-INT-SHAPE,Adjective,Intersective,Shape
yünlü,ADJ-INT-MAT,Adjective,Intersective,Material
geniş,ADJ-NINT-SIZE,Adjective,Non-intersective,Size
modern,ADJ-NINT-AGE,Adjective,Non-intersective,Age
tembel,ADJ-NINT-QUAL,Adjective,Non-intersective,Qualifier
sarı,ADJ-INT-COLOR,Adjective,Intersective,Color
sivri,ADJ-INT-SHAPE,Adjective,Intersective,Shape
bakır,ADJ-INT-MAT,Adjective,Intersective,Material
minik,ADJ-NINT-SIZE,Adjective,Non-intersective,Size
yeni,ADJ-NINT-AGE,Adjective,Non-intersective,Age
kolay,ADJ-NINT-QUAL,Adjective,Non-intersective,Qualifier
pembe,ADJ-INT-COLOR,Adjective,Intersective,Color
ince,ADJ-INT-SHAPE,Adjective,Intersective,Shape
naylon,ADJ-INT-MAT,Adjective,Intersective,Material
yüksek,ADJ-NINT-SIZE,Adjective,Non-intersective,Size
yeni,ADJ-NINT-AGE,Adjective,Non-intersective,Age
yüksek,ADJ-NINT-QUAL,Adjective,Non-intersective,Qualifier
mor,ADJ-INT-COLOR,Adjective,Intersective,Color
eğri,ADJ-INT-SHAPE,Adjective,Intersective,Shape
kumaş,ADJ-INT-MAT,Adjective,Intersective,Material
bodur,ADJ-NINT-SIZE,Adjective,Non-intersective,Size
yeni,ADJ-NINT-AGE,Adjective,Non-intersective,Age
pahalı,ADJ-NINT-QUAL,Adjective,Non-intersective,Qualifier
lacivert,ADJ-INT-COLOR,Adjective,Intersective,Color
kalın,ADJ-INT-SHAPE,Adjective,Intersective,Shape
gümüş,ADJ-INT-MAT,Adjective,Intersective,Material
geniş,ADJ-NINT-SIZE,Adjective,Non-intersective,Size
modern,ADJ-NINT-AGE,Adjective,Non-intersective,Age
başarılı,ADJ-NINT-QUAL,Adjective,Non-intersective,Qualifier
lacivert,ADJ-INT-COLOR,Adjective,Intersective,Color
eğri,ADJ-INT-SHAPE,Adjective,Intersective,Shape
ipek,ADJ-INT-MAT,Adjective,Intersective,Material
dev,ADJ-NINT-SIZE,Adjective,Non-intersective,Size
yeni,ADJ-NINT-AGE,Adjective,Non-intersective,Age
zor,ADJ-NINT-QUAL,Adjective,Non-intersective,Qualifier
kahverengi,ADJ-INT-COLOR,Adjective,Intersective,Color
yuvarlak,ADJ-INT-SHAPE,Adjective,Intersective,Shape
metal,ADJ-INT-MAT,Adjective,Intersective,Material
küçük,ADJ-NINT-SIZE,Adjective,Non-intersective,Size
yavru,ADJ-NINT-AGE,Adjective,Non-intersective,Age
sığ,ADJ-NINT-QUAL,Adjective,Non-intersective,Qualifier
mor,ADJ-INT-COLOR,Adjective,Intersective,Color
derin,ADJ-INT-SHAPE,Adjective,Intersective,Shape
kumaş,ADJ-INT-MAT,Adjective,Intersective,Material
geniş,ADJ-NINT-SIZE,Adjective,Non-intersective,Size
genç,ADJ-NINT-AGE,Adjective,Non-intersective,Age
iyi,ADJ-NINT-QUAL,Adjective,Non-intersective,Qualifier
mor,ADJ-INT-COLOR,Adjective,Intersective,Color
yuvarlak,ADJ-INT-SHAPE,Adjective,Intersective,Shape
deri,ADJ-INT-MAT,Adjective,Intersective,Material
minik,ADJ-NINT-SIZE,Adjective,Non-intersective,Size
yaşlı,ADJ-NINT-AGE,Adjective,Non-intersective,Age
eski,ADJ-NINT-QUAL,Adjective,Non-intersective,Qualifier
mor,ADJ-INT-COLOR,Adjective,Intersective,Color
ince,ADJ-INT-SHAPE,Adjective,Intersective,Shape
gümüş,ADJ-INT-MAT,Adjective,Intersective,Material
dev,ADJ-NINT-SIZE,Adjective,Non-intersective,Size
yeni,ADJ-NINT-AGE,Adjective,Non-intersective,Age
başarısız,ADJ-NINT-QUAL,Adjective,Non-intersective,Qualifier
mavi,ADJ-INT-COLOR,Adjective,Intersective,Color
silindirik,ADJ-INT-SHAPE,Adjective,Intersective,Shape
kadife,ADJ-INT-MAT,Adjective,Intersective,Material
cüsseli,ADJ-NINT-SIZE,Adjective,Non-intersective,Size
çağdaş,ADJ-NINT-AGE,Adjective,Non-intersective,Age
cimri,ADJ-NINT-QUAL,Adjective,Non-intersective,Qualifier
mavi,ADJ-INT-COLOR,Adjective,Intersective,Color
dar,ADJ-INT-SHAPE,Adjective,Intersective,Shape
kağıt,ADJ-INT-MAT,Adjective,Intersective,Material
kocaman,ADJ-NINT-SIZE,Adjective,Non-intersective,Size
çocuksu,ADJ-NINT-AGE,Adjective,Non-intersective,Age
nazik,ADJ-NINT-QUAL,Adjective,Non-intersective,Qualifier
turuncu,ADJ-INT-COLOR,Adjective,Intersective,Color
yassı,ADJ-INT-SHAPE,Adjective,Intersective,Shape
pamuklu,ADJ-INT-MAT,Adjective,Intersective,Material
yüksek,ADJ-NINT-SIZE,Adjective,Non-intersective,Size
ihtiyar,ADJ-NINT-AGE,Adjective,Non-intersective,Age
iyi,ADJ-NINT-QUAL,Adjective,Non-intersective,Qualifier